category,cnt
의류,357
화장품,212
식품,166
화장품/미용>스킨케어>로션,124
생활용품,94
잡화,89
건강기능식품,82
신발,66
옷,62
로션,51
화장품/미용>스킨케어,41
전자제품,40
도서,39
마스크,39
책,38
여성의류,35
패션잡화,31
인형,31
건강식품,30
기타,30
가공식품,30
화장품/미용,29
주방용품,27
가방,27
냉동식품,27
서적,27
악세사리,24
애견용품,24
문구,23
반려동물용품,21
전자기기,21
과자,20
화장품/미용>스킨케어>크림,19
생활잡화,19
서류,19
가구,17
완구,16
캠핑용품,15
굿즈,15
음식,14
문구류,14
생활/건강>건강관리용품>먼지차단마스크,13
미정,13
생활/건강,13
유아용품,13
음료,13
스포츠용품,13
패션,12
노트북,12
반려동물,12
휴대폰,12
인테리어소품,11
식품>건강기능식품,11
향수,11
기타용품,11
샴푸,10
의료기기,10
식품>가공식품,10
식품>건강식품,10
화장품/미용>스킨케어>앰플,10
남성의류,10
양말,9
사무용품,9
화장품/미용>헤어케어>샴푸,9
피규어,9
미용,9
화장품/미용>스킨케어>에센스,9
핸드폰,8
화장품/미용>향수,8
앨범,8
시계,8
가전,8
커피,8
애완용품,8
영양제,8
주류,7
속옷,7
약,7
자동차용품,7
건강기능식품>유산균,7
음반,7
가전제품,7
의류>여성의류,7
인테리어 소품,7
자동차부품,7
.,6
생활가전,6
인쇄물,6
장난감,6
간식,6
반려동물 용품,6
스킨케어,6
반려용품,6
교재,6
과일,6
스티커,6
화장품>스킨케어,6
골프용품,5
디지털/가전,5
식품>견과류,5
스킨,5
식품>침출차,5
건강보조식품,5
1,5
수건,5
김치,5
농산물,5
사탕,5
컴퓨터,5
컴퓨터 부품,5
이어폰,5
게임,5
패션의류,5
신선식품,5
종합몰,5
화장품>스킨케어>앰플,5
패션의류>여성의류,5
패션잡화>신발,5
조명,5
악세서리,5
인테리어,5
엽서,4
화장품/미용>스킨케어>마스크팩,4
텀블러,4
생활건강>건강관리용품>먼지차단마스크,4
화장품/미용>마스크팩,4
고기,4
!!!!!!!!!!!!!!!!!!!!!!!!!!!!!!!!!!!!!!!!!!!!!!!!!!!!!!!!!!!!!!!!!!!!!!!!!!!!!!!!!!!!!!!!!!!!!!!!!!!!,4
의약품,4
비누,4
의류 및 잡화,4
캠핑,4
카드,4
디지털/가전>휴대폰액세서리>휴대폰케이스,4
식물,4
액상차,4
언더웨어,4
화장품/미용>스킨케어>선크림,4
운동용품,4
스포츠 용품,4
반려동물 간식,4
티켓,4
방향제,4
스포츠>헬스소품>폼롤러,4
전자담배,4
달력,4
생활/건강>반려동물>강아지 건강/관리용품>영양제,4
쌀,4
육아용품,4
올리브오일,4
생활/건강>반려동물,4
화장품/미용>바디케어,4
반려동물간식,4
책자,4
의류 잡화,4
식품>건강식품>영양제>기타건강보조식품,4
기념품,4
가구/인테리어,4
모자,4
칫솔,3
아이돌 굿즈,3
식품>음료,3
육류,3
식품>건강식품>건강분말,3
악기,3
강아지사료,3
쥬얼리,3
슬로건,3
화장품>마스크팩,3
디지털가전,3
꽃,3
화장품>로션,3
식품>과자,3
문구/사무용품,3
뷰티,3
컴퓨터 주변기기,3
상품,3
다이어리,3
건강식품>꿀,3
CD,3
운동화,3
식품>가공식품>소스>기타소스,3
교구,3
술,3
취미,3
핸드폰케이스,3
아이스크림,3
벨트,3
식품>다이어트식품>콜라겐,3
빵,3
티셔츠,3
선물,3
스포츠/레저>캠핑>랜턴,3
마우스패드,3
세탁세제,3
그림,3
그릇,3
생활건강,3
매트리스,3
컴퓨터 본체,3
식품/건강기능식품,3
출산/육아,3
탈취제,3
화장품/미용>헤어>트리트먼트,3
가구/인테리어소품,3
살균제,3
반려동물>사료,3
안경,3
스포츠>운동용품,3
건기식,3
계산기,3
디지털/가전>이미용가전>피부케어기기,3
컵,3
수영복,3
식품>밀키트,3
지갑,3
홍삼,3
휴대폰 악세사리,3
소품,3
기타가공품,3
건어물,3
화장품/미용>헤어>샴푸,3
생활/건강>자동차용품,3
생활/건강>주방용품,3
방석,3
물건,3
케이크,3
치약,3
요가매트,3
명품,3
수입식품,3
패션잡화>가방,3
핸드백,3
도장,3
식기류,3
반찬,3
애견간식,3
종합,3
의류잡화,3
패션잡화>신발용품>신발깔창,3
액자,3
생활/건강>생활용품,3
기저귀,3
식품>과자/베이커리>빵,3
화장품>스킨케어>로션,3
식품>건강식품>영양제,3
의상,3
"잡화(귀걸이, 목걸이, 팔찌, 발찌, 반지)",3
스포츠/레저>캠핑>취사용품>연료,3
의류/잡화,3
화장품>향수,3
밀키트,3
생수,3
선풍기,3
생활/건강 > 건강관리용품 > 먼지차단마스크,3
11,3
토퍼,3
유리컵,3
10,3
아기용품,3
노트,2
지류,2
생활/건강>공구>전기용품>충전용 건전지/배터리,2
전자제품 및 생활용품,2
생활/건강>문구/사무용품>이벤트/파티용품,2
잡화/서적,2
옷 신발,2
휴대폰 액세서리,2
핸드폰 케이스,2
건강보조제,2
"각종용기,카페음료,간식",2
생활/건강>수집품>모형/프라모델/피규어>피규어,2
"식품/발효콩, 발효콩 환, 발효콩 분말",2
냉동식품>닭가슴살,2
냉동,2
"문구류,화장품외",2
뷰티/미용>미용재료,2
보호대,2
원두,2
식자재,2
사료,2
보드게임,2
식품>소스류>시즈닝 및 소스,2
공유기,2
외장하드,2
패션잡화>악세사리,2
망원경,2
화장품/미용>주름케어>아이크림,2
자전거용품,2
샐러드,2
빼액,2
가전/디지털>컴퓨터/게임/SW>게임기/소프트웨어>PC용 게임>기타 주변기기>VR/기타,2
상온식품,2
생활/건강>구강위생용품>혀클리너,2
생활/건강>욕실용품>샤워기/수전용품>배수구캡,2
컴퓨터주변기기,2
스포츠/레저>헬스,2
생활/건강>욕실용품,2
펫용품,2
아이패드,2
도제식빵,2
생활건강>욕실용품,2
화장품/미용>스킨케어>미스트,2
기계부품,2
목도리,2
생활/건강>문구/사무용품>필기도구>필통,2
리빙>유리컵,2
인테리어자재,2
자전거,2
주방가전,2
스포츠>양말,2
단백질쉐이크,2
도자기,2
스마트워치,2
수산물,2
생활 용품,2
식품>냉동식품,2
패션>잡화,2
필터,2
화장품/미용>헤어케어>트리트먼트,2
의류관리기,2
패션>여성의류,2
타투스티커,2
"의류,신발",2
폐션잡화>신발>남성신발,2
커피드립백,2
생활용품/마스크,2
디지털/가전>저장장치>외장HDD,2
스피커,2
욕실용품,2
음향기기,2
황사 방역 마스크 KF94,2
화장품>헤어케어,2
아이돌굿즈,2
가구/인테리어>수예,2
일회용품,2
한약,2
생활/가전,2
생활/건강>주방용품>잔/컵>머그,2
차키,2
건강식품>영양제>기타건강보조식품,2
가구/인테리어>인테리어소품>아로마/캔들용품>아로마방향제/디퓨저,2
건강기능식품>홍삼,2
운동기구,2
카메라용품>삼각대,2
잡화>가방,2
화물,2
생활/건강>반려동물>기타반려동물용품,2
베이커리,2
잡화>신발,2
웨이트기구,2
무드등,2
디지털/가전>휴대폰액세서리>휴대폰케이블,2
화장품/미용>세정제,2
"의류, 잡화",2
휴대폰케이스,2
크림,2
디지털/가전>휴대폰액세서리,2
식품>건강식품>홍삼,2
생활/건강>주방용품>주방잡화>일회용식기,2
LP,2
케이스,2
케이블,2
의류> 여성의류,2
의루,2
가방악세사리,2
헬스용품,2
식품>초콜릿,2
"화장품>스킨케어>앰플,크림",2
생활/건강>공구,2
손목시계,2
생활/건강>욕실용품>욕실용기/홀더>디스펜서,2
없음,2
문서,2
완구류,2
서적/필기도구,2
주방용품>커피용품,2
패션의류>남성의류,2
의류-여성의류,2
디지털/가전>휴대폰액세서리>휴대폰충전기>충전기,2
잡화>인형,2
생활>반려동물,2
건과일,2
소형가전,2
식품>가공식품>냉동식품,2
디저트/케익,2
건강음료,2
마카롱,2
물,2
휴대폰악세사리,2
골프장갑,2
세정제,2
"건강기능식품, 의료기기",2
식품건강식품건강분말,2
가방 잡화,2
블루투스이어폰,2
비타민,2
화장품/미용>스킨케어>크림.로션,2
성인용품,2
소스,2
아동잡화 > 양말,2
패션잡화>가방>크로스백,2
미술용품,2
반려동물의류,2
스포츠/레저->낚시,2
식품>영양제,2
음료수,2
QA팀상품,2
스케이트보드,2
잡화서적,2
생활,2
진단키트,2
생활/건강>주방용품>잔/컵>텀블러,2
생활/건강>생활용품>보안용품>CCTV,2
스포츠의류,2
의자,2
유산균,2
"화장품/미용>마스크팩,천연비누",2
일반,2
디저트,2
물병,2
의류>신발,2
소프트웨어>솔루션,2
자동차 용품,2
식품>다이어트식품>단백질보충제>단백질파우더,2
0,2
키링,2
asfd!@#$!@#asfda@%^$(^&)!!!!!!sgsdfgdㅎㄴㅇㄹㅎㅁㄹㅎ죡ㅁㅎ ㅁㄴㄷㄱㅍㅂ45645656뷰45ㄴ6ㅍ ㄴ45ㅠ6ㄴㅈ456ㅠㄴ56ㅁ5ㅍ6ㄴ5ㅠ ㅗ4ㅠ457ㅛ4,2
축산물,2
골동품,2
꿀,2
유아화장품>스킨케어,2
샘플,2
식품음료주스/과즙음료기타과즙음료,2
리빙,2
부품,2
생활건강>수납/정리용품>정리함,2
생활/건강>수집품>게임>보드게임,2
건강기능,2
건강식품>영양제,2
생활/건강>자동차용품>타이어/휠>타이어,2
도마,2
애견용품 > 강아지 기저귀 패드,2
애완동물용품,2
일회용 마스크,2
치즈,2
애견,2
디자인상품,2
마우스,2
건강식품>일반식품,2
식품>건강음료,2
뜨개용품,2
생필품,2
마이크,2
립스틱,2
디지털,2
캡슐커피,2
헬스/건강식품>건강/의료용품>마스크>KF인증 마스크>KF94 마스크,2
주류>와인,2
감자탕,2
여성화,2
디자인,2
스니커즈,2
생활/건강>건강관리용품,2
커피캡슐,2
도매/소매>의류,2
생활잡화>정리함,2
공산품 외 다수,2
패션잡화>신발>안전화/작업화,2
필름,2
반려동물 사료,2
식품>김치,2
식음료,2
패션/잡화,2
차량용품,2
스포츠/레저>골프>골프필드용품>거리측정기,2
식품>수산물>김/해초>김,2
패션의류>남성패션>바지,2
티백,2
생활건강>건강관리용품>마스크,2
식품>냉동과일,2
여성청결제,2
미용기기,2
스포츠/레저>보호용품>손목보호대,2
냉동/간편조리식품,2
골프 용품,2
청소기,2
음료>생수,2
생활건강>마스크,2
화장품/미용>샴푸,2
스포츠>요가/필라테스>필라테스링,2
생활용품>마스크,2
베개,2
식품>커피,2
식품>제과,2
화장품>스킨케어>오일,2
디지털/가전>휴대폰액세서리>휴대폰거치대,2
생활/건강>생활용품>생리대>일반생리대,2
양념장,2
손수건,2
식품/육류>냉동>토마호크,2
와인,2
의류>티셔츠,2
컴퓨터부품,2
약품,2
공산품,2
라면,2
가구/인테리어>수예>뜨개질,2
의약외품>치약,2
가구/인테리어>인테리어소품>조명>인테리어조명,2
건강,2
주얼리,2
휴대폰 케이스,2
유아동의류,2
상패,2
생활/건강>위생용품>생리컵,2
플라스틱,2
"PC, 부품, 주변기기",2
"전자제품>컴퓨터 본체, 모니터",1
"식음료, 반려용품, 생활용품",1
생활/건강>정원/원예용품>원예부자재,1
화장품 전체,1
면생리대,1
식품>요구르트>요거트,1
마우스 및 키보드,1
"뷰티,리빙,스낵,비식품",1
의류패션잡화,1
여성의류>상의,1
의약외품/손소독제,1
일반식품,1
출산/육아>바디케어>워시,1
식품>가공식품>식용유>올리브유,1
화장품 로션,1
"스포츠>골프>의류,잡화",1
리빙>주방>컵/잔,1
디지털/가전>주변기기키보드>무선키보드,1
취미>소책자,1
디퓨져 캔들,1
화장대,1
핸드폰악세서리,1
생필붐,1
전자기기 부품,1
프라모델/완구,1
스테이셔너리 프린팅 제품,1
"화장품/미용>스킨케어>바디크림, 핸드크림",1
출산/육아>완구/매트>기타완구,1
화장품>여성청결제,1
스포츠용품>테니스>테니스공,1
식품>즉석>라면/컵밥,1
강아지 보조사료,1
생활/건강>반려동물>식기/급수기>식기/식탁,1
전자기기/배터리,1
음식:반찬,1
오토바이용품,1
냉동 및 냉장식품,1
디지털/가전>영상가전,1
가방/여행용품,1
식료품 및 공산품,1
"패션,잡화",1
브로치,1
유아동>잡화>안전보호인형,1
생활/건강냉온/찜질용품찜질팩,1
캠핑>폴딩박스,1
포장제,1
식품음료커피커피믹스/인스턴트커피,1
"취미/예술>CD, 굿즈 등",1
의류>자켓>스카쟌,1
가전제품/무선청소기,1
요가복,1
기타가공품>단백질파우더,1
강아지수제간식,1
"화장품/미용>기타소품>면봉, 솜",1
식품>초코바,1
"의류/잠옷, 속옷",1
식품건강식품영양제기타건강보조식품,1
식품 > 기타가공품,1
화장품/미용>기초스킨케어,1
주방저울,1
강아지 사료,1
건강식품/ 영양제,1
잡화>여성가방,1
선물상자,1
인형꽃다발,1
식품/기타가공품,1
건강즙,1
강아지 영양제,1
네일 스티카,1
전자제품>마사지건,1
데스크/문구,1
다지털/가전,1
식품(냉장)>어란,1
생활용품>욕실용품>수건타올,1
여성 남성 의류,1
식품 > 죽,1
출산육아>유아동의류,1
출산/육아>유아가구>기타유아가구,1
"면도기, 쉐이빙폼, 바디워시",1
식품>쌀,1
생활건강>의료용품>구급/응급용품,1
APPAREL,1
화장품/미용>화장도구>퍼프,1
"식자재, 화장품`",1
수조/어항,1
생활건강/마스크,1
자석용품,1
"수도꼭지, 수도꼭지 커플링",1
디지털/가전>PC부품>PC케이블>USB케이블,1
보건용마스크,1
화장품/미용>스킨케어>패치,1
생활/건강>정리함>소품정리함,1
베개커버,1
육가공/식품>냉동/냉장/실온,1
홈데코>가구>인테리어소품,1
아이스크림>젤라또>젤라또캡슐,1
패션의류>여성의류>상의,1
사탕 과자류,1
"유아동,생활용품,전자제품",1
화장품/메이크업,1
식품>음료>차류>기타차,1
"인테리어소품, 인테리어스티커",1
로션스킨,1
의류>바지,1
비즈악세사리,1
신생아 의류,1
식품 및 건강식품,1
유아세제,1
"세탁세제, 섬유유연제",1
일회용마스크,1
식품>냉동케이크,1
화장품/미용>바디케어>바디슬리밍,1
하드,1
휴대기기 블루투스 이어폰 에어팟,1
생활/건강>공구>원예공구>압축분무기,1
의료제품>콘돔,1
의류>점퍼,1
생활/건강>주방용품>잔/컵,1
"인테리어>러크,카페트",1
가드닝 제품,1
"옷, 서적, 노트북, 게임기",1
화보집,1
컴퓨터>저장장치>HDD,1
중고물품,1
///,1
생활/건강주방용품식기접시,1
의약 외품 > 치약,1
생활/건강건강관리용품전자담배 액세서리,1
점프수트,1
건강관리용품>먼지차단마스크,1
곱창 막창 / 식품>즉석식품>원팩,1
간편조리식품>밀키트>냉동,1
생활용품/사무용품>낱개판매,1
의류 : 티셔츠,1
여성언더웨어/잠옷>잠옷/홈웨어,1
식품 반찬,1
문구제품,1
주방용기,1
소고기 냉장육,1
음식>과자,1
신발>샌들,1
식음료(음료),1
생활/건강주방용품주전자/티포트티포트,1
애니매이션/게임>굿즈 상품,1
식품 > 건강기능,1
생활/건강 > 문구/사무용품 > 앨범 > 포켓식앨범,1
의류 목도리,1
실버주얼리,1
건강/미용>침파스,1
의류>캐주얼여성복,1
차량용 액세서리,1
학습도구/교구재>툴킷카드,1
생활/건강>구강위생용품,1
식품/비타민,1
전자부품,1
"어댑터,여권케이스",1
여행>상품,1
생활/건강>반려동물>강아지간식,1
화장품>건강식품,1
식품>단백질바,1
"미용,전자기기",1
반려동물>가구>슬라이드계단,1
인테리어소품>DIY,1
식품 우유 멸균우유,1
리셀러,1
헤어왁스,1
스타킹,1
기타가공품>비오틴(탈모관련제품),1
생활/세제,1
디지털/가전>PC,1
생활용품>리빙>와인스토퍼,1
약 과자 액상소스 건어물50,1
HMR,1
남성잡화,1
운동복>요가.필라테스,1
코하쿠토,1
"의류, 패션잡화",1
소형전자기기,1
화장품/뷰티,1
생활/건강주방용품잔/컵머그,1
주방용품>와인용품>와인쿨러,1
식품>축산>돼지고기>국내산돼지고기,1
"애완용품, 패션잡화,주방용품",1
"식품 (건강기능식품, 건강즙)",1
패션잡화>여행용가방,1
압축분무기,1
디지털/가전태블릿PC액세서리스탠드/Dock,1
운동용품-밴드,1
헤드폰,1
"베개,바디필로우,발매트,폼롤러,좌식의자,헬스사이클,분리수거함,캠핑용테이블",1
"패션잡화>가방,지갑등",1
화장품/미용 > 향수,1
"원예부자재, 생활용품",1
전자제품>pc>주변기기>헤드폰,1
패션의류>언더웨어,1
화장품/미용>뷰티소품>쌍꺼풀액,1
화장품 미용 로션,1
체중계,1
생활/건강>수납/정리용품>정리함.소품정리함,1
생활용품>먼지차단마스크,1
서류>바인더,1
패션잡화>신발>여성화,1
화장품/미용>샴푸>헤어제품,1
깔창,1
"일반상품>레고,노트,CD,메모지,양말",1
가구/인테리어>조명,1
"반려동물 케어용품, 영양제",1
멋있는화장품,1
패션의류>남성의류>티셔츠,1
화장품>스킨케어>크림>세럼,1
문서 서류,1
여행>소품,1
생활건간>건강관리용품>먼지차단마스크>마스크,1
생활/건강>문구/사무용품>다이어리/플래너,1
식품>조미료>기타조미료,1
축산 포장육 및 밀키트,1
"음반, DVD, 굿즈",1
의류>자켓,1
수납함,1
스포츠/레저>자전거>자전거용품>펌프,1
카페 식자재,1
전자기기>전동칫솔,1
너티조이 마라땅콩,1
패션 잡화,1
생활/건강욕실용품수건/타월세면타월,1
도서 및 관련패키지,1
"가전제품, 주방기구, 옷장등등",1
건강식품 -> 숙취해소제,1
생활/건강>자동차용품>익스테리어용품>스티커,1
스포츠/레저오토바이/스쿠터오토바이용품기타오토바이용품,1
축우용 영양제,1
식료품,1
전자기기>이어폰,1
정원/원예용품>원예부자재,1
콜라겐젤리,1
"쿠션, 이불커버, 샤워타올, 메이플시럽(상온보관), 조화",1
패션잡솨,1
뷰티>바디케어>입욕제,1
의류>남성 여성,1
식품>냉동간편조리식품>즉석국/탕,1
다이어트건강기능식품,1
생활용품>펫하우스,1
디자인/문구,1
냉동식품>간편조리식>떡볶이,1
키트,1
헨드다리미,1
식품>가공식품>면류/라면류>당면,1
"의류, 인테리어",1
검퓨터 및 주변기기 전자제품,1
"골프용품>장갑,타월",1
전기차충전기,1
화장품/미용>클렌징>천연비누,1
전산장비,1
첵첵,1
패션잡화>헤어악세사리>가발,1
유아동>장난감,1
앨범(CD),1
컴터 옷,1
"포장지,플라스틱용기",1
쿠팡 홈  >스포츠/레저  >헬스/요가/댄스  >헬스소품/보호대  >기타 헬스소품,1
육포,1
전기장판,1
생활건강 > 주방용품,1
디지털/가전>계절가전>선풍기>휴대용선풍기,1
의류>스포츠>레깅스,1
"신발,의류",1
폰케이스,1
수입식품>냉장>견과류,1
시가,1
주방용품->바용품,1
가구인테리어>인테리어소품>시계,1
"의류, 잡화류",1
패션잡화>패션소품>키홀더,1
주스,1
전자용품,1
화장품 의류,1
서바이벌 건,1
캠핑의자,1
생활/건강>욕실용품>변기솔,1
옷/화장품,1
일반식품>석류콜라겐젤리,1
화장품/미용>마스크팩/토너/에센스/크림/앰플,1
식품>과자/베이커리>스낵,1
구강청결제,1
명품->스카프,1
주방룔품,1
식품>가공식품>기타오일류,1
스포츠/레저>골프>필드용품>기타,1
패션잡화선글라스/안경테안경테,1
키링 이피밴투,1
"커튼,침구류 등",1
식품>건식품,1
생활/건강>생활용품>섬유유연제>시트형섬유유연제,1
패션잡화/주얼리>반지>목걸이,1
레저>캠핑>캠핑용품,1
생활건강>반려동물>반려동물용품,1
참치,1
문구류 / 스티커,1
가수>매트리스,1
"정보통신업, 도소매업, 도시락류 제조업, 과자류 제조업, 빵류 제조업",1
생활용품/생활잡화/친환경에코백,1
의류>가방,1
비누꽃,1
생활/건강>문구/사무용품>스티커,1
"화장품, 애견용품 등등",1
카메라/캠코더용품>메모리카드>MicroSD메모리,1
잡화(포토카드/명함),1
스포츠/레저>캠핑>취사용품>바비큐그릴/화로대,1
화장품/미용>헤어제품,1
음향가전/마이크/앰프,1
식품>건강보조식품,1
패션잡화>여성화->신발,1
채소,1
취미/애견>애견간식,1
의류부자재,1
스포츠/레저>캠핑>캠핑가구>캠핑의자,1
"식품>향신료,시즈닝",1
생활가전>주방용품,1
패션의류 및 잡화,1
"리빙, 패션, 잡화",1
의류>스트릿,1
서적 / 문구용품,1
무알콜음료,1
화장품/미용> 화장도구,1
식품>과자>한과,1
휴대폰케이스/휴대폰거치대,1
컵커피,1
가죽 여성 핸드백,1
스포츠/레저>등산>기타등산장비,1
출산/육아완구/매트물놀이용품물총,1
ssw,1
필수항목,1
식품>조미료>소금,1
"화장품>스킨케어>클렌징폼, 토너패드",1
식품>냉동식품>간편조리식품,1
쿨러,1
기능성화장품,1
초,1
전기자전거,1
식품>식용유/오일>참기름,1
식품>축산물>축산가공식품>기타육가공,1
식품>음료>커피>더치커피,1
생활/건강>수납/정리용품>정리함>소품정리함,1
문구>스티커/마테>스티커,1
식품>건강식품>효소식품,1
생활용품>건강관리>코건강,1
생활/건강>제습/방향/탈취>새집증후군/진드기,1
한약류,1
화장품 > 스킨케어 / 색조,1
"옷>여름, 가을옷>티셔츠, 후드 티셔츠/옷>가을 또는 여름용 바지>체크팬츠",1
뜨개,1
"화장품, 액세서리, 의류, 리빙용품",1
#@/÷>@♡_~♡_~×☆>:☆>×:♡<2:♡×<:@☆%97@:07@^07×^☆^@07:2♡_:@♡_:×♡:×♡<:×☆<:×♡<:×☆<:♡<×☆<:×♡<:♡<×:♡<×:♡×<:♡×,1
"티셔츠, 모자, 지류",1
캐리어,1
식품>수산물>젓갈/장류,1
스포츠/레저>자전거>자전거용품>헬멧,1
기타줄,1
식품/체중조절쉐이크,1
안경집,1
"가방, 옷",1
etst,1
냉동 케이크,1
새부리형 KF94 마스크,1
가글,1
개인으로 신청 ㄱㄱ,1
패션의류잡화 >> 여성 미디원피스,1
상온>오일>올리브오일,1
여성의류/패션잡화,1
"화장품,미용>헤어제품",1
전자기기>앰프,1
유아동>침구>역류방지쿠션,1
게임기 악세서리,1
아크를물감,1
1회용 스틱형 가글액,1
옷가지,1
생활/건강>공구>소형기계>기타소형기계,1
냉장/냉동식품,1
육가공 식품(소시지),1
생활/건강>자동차용품>오일관리>연료첨가제,1
탁상달력,1
디지털/ 가전> 생활가전> 구강청정기> 구강세정기,1
"생활용품, 잡화",1
생활용품외,1
건강기능식품 (영양제),1
"생활, 건강",1
화장품>스킨케어>토너,1
"옷, 신발, 기타 잡화",1
골프채,1
"식품상온,저온",1
가구>인테리어>침실가구>거울,1
일회용컵/빨대,1
디지털/가전이미용가전피부케어기기,1
위생용품_생리대,1
디지털/가전 > 휴대폰 액세서리,1
생활>구강용품>구강청결제,1
이삿짐,1
샤인머스켓,1
식품>차류>콤부차,1
중고휴대폰 다이어리,1
디지털/가전>주방가전>믹서기,1
가구/인테리어>수납가구>선반,1
식품>과자/베이커리>한과,1
관악기 소품,1
잡화>마스크,1
반려동물>강아지>배변봉투,1
"신선육, 가공식품",1
잡화 인테리어,1
화장품/미용>색조>립스틱,1
반려동물 용품>신발,1
유아용품>위생커버,1
"귀금속,기념품",1
등산화,1
패션잡화>선글라스/안경테>선글라스,1
"의복,생활용품",1
서적>독립출판 소형책자,1
간장게장,1
여권,1
"책,책갈피,스티커,엽서",1
패션/잡화>,1
논알콜/무알콜 주류,1
출산/육아>안전용품>모기밴드/퇴치용품,1
식품>냉동/간편조리식품,1
신발> 슬리퍼,1
식품>다이어트식품>헬스보충제,1
유선이어폰,1
스포츠/레저>캠핑>기타캠핑용품,1
휴대용 소독젤 실리콘 케이스(홀더),1
애견용 가방,1
패션잡화>신발용품>기타,1
"개인물품, 의류, 이불",1
가구>철제테이블다리,1
식품>꿀,1
일반 식품,1
식품>버섯,1
야구배트,1
의류/패션잡화,1
스마트폰,1
"구강(치약, 가글)",1
세제>고체형세제(병),1
생활용품>생활잡화>기타생활용품,1
순대,1
반려동물 > 식품,1
차량의자,1
"문구류, 반려동물 용품(고양이 스테인리스 화장실, 매트 등)",1
샐활/건강,1
가전/디지털,1
디지털/가전>생활가전,1
3D프린터 소모품,1
교육용품>모의재판 키트,1
화장품/미용>바디,1
문구류>노트,1
욕실용품>샤워기,1
홈인테리어  >가구  >드레스룸  >리빙박스  >패브릭리빙박스,1
화장품/미용>선케어,1
디지털가전>학습기기>학습보조기,1
식품>건강식품>분말효소,1
식품 -> 가공식품 -> 컵라면,1
음료>커피>아메리카노,1
건설 배관자재 조인트 (연결자재),1
기타건강기능식품,1
화장품/미용>클렌징>비누,1
이벤트 경품,1
화장품 > 스킨케어 > 크림,1
식품>냉동가공식품,1
생활/건강>욕실용품>샤워기/수전용품>샤워기,1
악세서리/문구류,1
"식품>차류,커피",1
반려동물사료,1
"컨베이어, 자바라",1
화장품 미스트,1
바디위시.고체비누,1
소스류>간장,1
여성잡화>가방>크로스백,1
양초,1
"IT디바이스, 노트북 주변기기",1
패션/의류>잠옷,1
"유아>인형,옷 용품",1
의류 > 신발,1
생활/,1
-,1
드릴,1
디지털/가전>카메라/캠코더용품>필름/관련용품>35mm필름,1
mp3플레이어,1
사진,1
가공식품>죽>전복죽,1
화장품/미용>스킨케어>세럼 및 기타 부자재,1
축산 육고기,1
고양이옷,1
가구인테리어>홈테코>바디필로우,1
남성 정장/의류,1
램프,1
디지털>카메라용품>카메라케이스,1
안녕,1
화장품세트박스,1
청소용품,1
식품>가공식품>그래놀라,1
냉동쌀가루,1
잡화 주얼리,1
곤충포획틀,1
"생활용품, 주방용품",1
기저귀 비누 등,1
애완사료,1
냉동간편식,1
생활/건강>원예/식물,1
생활/식품/건강>식품>과자,1
전구,1
"애견용품>의류,이동가방,장난감",1
VR기기,1
가구/인테리어>건축자재,1
생활용품>애완용품>장난감,1
생활건강 > 수납관리용품,1
ㄹㅅ,1
생활용품>다회용 마스크,1
반려동물가방,1
생활/건강>실버용품>목욕보조용품,1
화장품 유스트,1
식품>수산가공품,1
액세서리 잡화,1
스포츠용품>자전거용품>자전거캐리어,1
의류/식품,1
디지털/가전>카메라>UV카메라,1
생활/건강>손소독제,1
취미/레저>장난감/키덜트>양모인형,1
"악세서리>목걸이,팔찌 등",1
"가정/생활>생활용품, 스포츠/레져>캠핑",1
팬클럽 상품,1
식품>냉동만두,1
여성의류 > 바지,1
입장팔찌,1
생활/건강>자동차용품>오일관리>엔진오일,1
교육기자재,1
패션>의류 및 신발,1
헤어드라이기거치대,1
과실류,1
생활>생활잡화,1
화장품/식품/생활용품,1
식품>아이스크림,1
스포츠/레져>헬스/요가>헬스기구/용품>AB휠/슬라이더,1
육아>해열용품>미온수마사지패드,1
화장품>수분크림,1
뜨개 용품 패키지,1
게임용품>키보드,1
뽀로로 마스크,1
의류 / 티셔츠,1
양고기 밀키트,1
식품>간편식>시리얼,1
의류> 남성의류,1
생활용품 담요 주얼리,1
의류/잡화>소품>악세사리,1
생활용품-찜질팩,1
천일염,1
라이프스타일>취미키트,1
공구,1
테이프,1
식품 건강식품 화장품 전자기기,1
식품>기타다이어트식품,1
"쌀,부속품",1
디지털 가전 악세사리,1
화장품/미용>헤어,1
페이스소품,1
요소수,1
삼각대,1
농산물>꿀>허니스틱선물세트,1
세차용품,1
식품>가공식품>베이커리,1
생활/건강 > 반려동물 > 리빙용품 > 하우스,1
목걸이,1
패션잡화/문구,1
등신대,1
식품>캔디류,1
농축수산물,1
"잡화(일회용컵/뚜껑), 커피재료",1
쇼핑>종합몰>소호몰,1
MIDI Program,1
패션/잡화>지갑,1
생활잡화>쿠션/방석,1
디지털/가전>휴대폰액세서리/웨어러블 디바이스 액세서리/,1
골프스타킹,1
"화장품,건강기능식품",1
화장품>바디>핸드크림,1
화장품/미용>색조화장품,1
"완구, 도서",1
가구/인테리어>홈데코>주방데코>앞치마,1
반려동물>식품>영양제,1
cpu,1
출판 / 전자상거래업(도서),1
"화장품>색조,기초",1
핸드메이드 수제네일팁,1
카메라,1
생활/건강>실버용품>배변보조용품,1
도서>시집,1
"화장품/미용>바디케어>핸드워시,로션",1
문구/사무용품>데스크용품>데스크패드,1
생활용품>자동차코팅제,1
"의류(모자,티셔츠)패키지(사이즈3종)/ 문구류 패키지 총 2종",1
코딩교육제품,1
축산>냉동>육류,1
패션>이벤트웨어,1
생활/건강>문구사무용품>스티커,1
간편식,1
전자제품>외장하드,1
소품>트레이,1
화장품>외음푸청결제,1
잡화/서적>책,1
반팔 티,1
3D프린팅 출력물,1
도서>웹진,1
코트의류,1
반도체 측정장비,1
휴대폰 미,1
화장품/미용>스킨케어>입욕제,1
생활/건강>욕실용품>수건걸이,1
"세정제류>세탁세제,주방세제",1
식품>건강식품>건강즙/과일즙>사과즙,1
가전/디지털>케이스/보호필름>액정보호필름,1
"레저, 스포트>기타",1
스포츠용품>구기/라켓,1
바지,1
식품>디저트>에그타르트,1
소형전자 등,1
안전화,1
가구인테이러/침구단품/베개/계절베개,1
"반려동물용품,건강기능식품,캠핑,인테리어,의료기기",1
컴퓨터 본체/모니터,1
"주방용품>주방잡화>일회용품>일회용빨대, 잔/컵",1
공예상품/인테리어소품,1
디지털/가전>주변기기>프린터>라벨프린터,1
패션>잡화>악세서리,1
체온계 온도계,1
생활용품>구강케어>치약,1
인테리어소품>인테리어조명,1
"인테리어소품, 생활용품",1
"신선식품>축산>수입육>소,돼지",1
로견,1
화장품 생활용품 등 다수,1
디지털/가전>태블릿PC>액세서리>터치펜/기타,1
"식품, 육가공품",1
시험지세트,1
디저트 베이커리,1
디지털/가전>네트워크장비>홈iot통신장비,1
장품/미용>스,1
shop>all,1
건과류,1
패션의류>양말,1
생활/의류>패브릭 롤,1
식품>축산물,1
홍삼선물세트,1
오토바이 용품,1
꿀스틱(소분한 꿀),1
패션/의류/,1
손거울,1
유니폼,1
샤워기,1
황토매트,1
식품  화장품,1
"의류, 로션, 뿌애액",1
제과제빵>제빵소도구,1
전선정리물품,1
키보드,1
플라스틱 모형,1
자전거세차용품,1
식품>떡,1
식품>빵류(냉동),1
골프백,1
이염방지시트,1
뷰티 디바이스>스킨케어>제모기,1
기타가공식품,1
잡화/패션잡화>마스크,1
반려동물>동결건조사료,1
"가공식품>국탕,볶음,빵류, 간식류",1
기타잡곡,1
악세사리/문구/잡화,1
패션의류>여성언더웨어/잠옷>팬티,1
화장품>네일아트,1
스포츠/레저>축구>축구의류,1
생활/건강>건강측정용품,1
애견사료,1
일반상품,1
화장품>뷰티>미스트등등,1
핸드폰>갤럭시노트20,1
천제망원경,1
주변기기,1
디지털/가전 > 영상가전 > 영상플레이어> 퍼스널뷰어 > 주변기기,1
유아화장품,1
생활/건강>자동차용품>세차용품>광택기,1
버터 등,1
"침구류, 화장품",1
"무선이어폰, 스포츠용품",1
인테리어소품>티슈케이스,1
빨래 건조대,1
여성신발,1
악기/현악기/바이올린 기타,1
위생용품>소독제,1
출산/육아>완구/매트>블록,1
"생활용품(거울,욕실장,행거,등)",1
축구유니폼,1
식품>가공식품>조미료>기타조미료 등,1
측정기기,1
..,1
반지,1
New FMS Project,1
건강용품>마스크>특수마스크,1
패션잡화>목걸이,1
"화장품/미용>스킨케어>비누, 샴푸",1
키홀더,1
냉동생지,1
"지갑, 가방",1
스포츠/레저>스케이트/보드/롤러>킥보드,1
출판/인쇄>책/카드,1
생활용품/텀블러,1
식품다이어트식품기타다이어트식품,1
생활/건강>문구/사무용품>사무용품>현수막,1
"인테리어가구, 소품",1
화장품>바디케어>괄사,1
의류/밀키트,1
의류>후드집업,1
스탠드,1
재봉틀 부품,1
식품(파우더),1
패션잡화>남성신발>워커,1
생활>자동차용품,1
애견용품>간식,1
식품-단백질,1
생활 소모품,1
애견용품/의류>가방,1
화장품/미용>마사크/팩,1
과일>망고,1
패션잡화>헤어액세서리>가발>여성가발,1
화장품/미용>바디케어>샴푸바,1
"마스크 , diy kit",1
디자인문구>카드/엽서,1
의류->여성의류,1
어린이 완구,1
레고장식장,1
의류>여성의류>무지 반팔티,1
"화장품, 생활용품, 식품",1
식품>냉동식품>간편식,1
생활/건강>마스크,1
스포츠/레저>골프>골프용품,1
문서서류,1
냉동냉장식품,1
센서 외,1
전자기기>노트북,1
화장품->향수,1
주방/생활 용품,1
"식품,건강기능식품",1
의료기기>콘돔,1
종이토퍼,1
주스류,1
애견용품>애견가구>애견침대,1
주방용>세정제,1
식품 > 건강식품 > 영양제 > 기타건강보조식품,1
인삼분말,1
마스크 프레임,1
배달대행용품,1
생활/건강>문구/사무용품>이벤트/파티용품>풍선/풍선용품,1
시약,1
"과자, 목도리 등",1
컴퓨터 / TV,1
유아의류,1
화장품>스킨케어>수분크림,1
디지털/가전>계절가전>가습기>,1
워치 스트랩,1
아몬드 초코렛,1
러그/카페트/침구/마스크/인테리어소품,1
"패션>의류>셔츠,니트",1
자전거>로드,1
컴퓨터본체,1
아웃도어가구,1
식품/장류.조미류.유지류>현미유,1
화장품/미용>클렌징>클렌징폼,1
디지털/가전>태블릿PC액세서리>케이스/파우치,1
화장품/미용>바디케어>바디클렌저,1
생활/건강>반려동물>리빙용품,1
패션잡화>운동화,1
"전기밥솥,에어컨,모니터",1
전자제품>학습보조기기>백색소음기,1
모터,1
화장 미용 > 로션과 팩,1
생활/건강>반려동물>강아지 배변용품>배변패드,1
장난감>피젯스피너,1
가방 외,1
사무용품>독서대,1
소형카메라,1
생활용품외~,1
패션 소품 > 패션 브로치 > 뱃지,1
식품>건강식품>건강환/정,1
음료>무알콜와인,1
물비누,1
피켓,1
가구/인테리어>홈데코>주방데코>주방장갑,1
식품>프로틴바,1
의류>스포츠의류,1
전자>부품,1
가공식품>소스,1
젤리,1
문구/오피스,1
생활용품/화장지,1
미등록 서적,1
식품/의류,1
마스크  화장품,1
화장품 스킨케어 크림,1
식품>음료>도라지배즙,1
HDD,1
패션잡화>선글라스/안경테>안경소품,1
생활/건강>자동차용품>편의용품>차량용청소기,1
"식품>냉동,냉장>떡볶이, 함박",1
의료용품>구급/응급용품,1
식품»다이어트»콜라겐,1
"염색약,샴푸,트리트먼트,오일 등",1
가공식품>간장,1
텐트,1
문구>스티커,1
생활/건강>구강위생용품>구강청정제/가글,1
"굴비, 수산물",1
장품/미용>스킨케어>로션,1
생활건강>종교>불교용품,1
식품>가공식품>기타분말가루,1
www.zcm.pe.kr,1
의류>신발>스니커즈,1
"생활용품>컵,텀블러",1
"룸슬리퍼, 의류",1
"생활용품, 옷",1
"신선편의식품 및 김치류 > 샌드위치, 샐러드, 열무김치, 오이소박이",1
치과 유지장치,1
의료기기>치과보철물,1
가구/인테리어 > 침구세트 > 이불베개세트 > 더블/퀸이불베개세트,1
패션 > 의류,1
"화장품/미용>토너, 크림, 세럼 | 파우치",1
뉴트리션,1
전자기기(pc),1
차량용품>타이어용품>에어캡,1
화장품 / 핸드워시,1
잡화/애견용품/인테리어소품,1
생활/건강>반려동물용품,1
화장품>스킨메어>엠플,1
car radio,1
"스포츠용품>의류, 장비, 악세서리 등",1
택배박스,1
화장품/미용>패드,1
편지,1
주방행주,1
플라스틱 모델,1
의류/여성의류,1
화장품/미용>마스크,1
화장품/미용> 메이크업,1
쿠팡 홈  >생활용품  >공구/철물/DIY  >측정/측량도구  >다기능측정도구,1
식품>냉동식품>주먹밥,1
완구류>조립,1
홈데코>조화>비누꽃,1
독도관련물품,1
캔커피,1
밀키트냉동보쌈,1
스포츠,1
도소매,1
의류>애견의류,1
"화장품, 악세사리, 생활잡화, 산업용 공구",1
PC메모리,1
화장품/의류,1
"식품, 공구",1
주방용품>행주,1
식품>가공식품>음료,1
스포츠레저>배드민턴>배드민턴의류,1
화장품>스킨케어>클렌저,1
글러브,1
식물성음료>두유,1
도예작업 용구,1
생활/건강>반려동물>햄스터용품,1
뱃지,1
애견제품,1
자동차>모든부품,1
화장품/미용>네일케어>네일아트,1
가구>매트리스,1
미용->마스크,1
생활가전>가습기,1
레저용품,1
패브릭포스터,1
패션의류>여성언더웨어/잠옷>잠옷/홈웨어,1
화장품/미용>바디케어>아로마테라피,1
생활용품>구강용품>전동칫솔/리필모/치약 등 구강용품,1
생활/건강>주방용품>제과/제빵용품>계량저울,1
식품>건강식품>영양제>프로바이오틱스,1
의류 > 의류/가방잡화,1
의류/신발/잡화 등,1
교과서책,1
헤어악세사리 > 헤어핀,1
성막,1
여성잡화,1
"책, 신발, 옷",1
패션잡화>신발 / 화장품>헤어>샴프 바 린스 바,1
양념통세트,1
식품>즉석조리식품,1
"칫솔, 치약, 마스크, 화장품, 물티슈, 설탕, 소금, 주스, 올리브유, 펫사료, 펫패드, 영양제, 건강식품, 핸드타월, 화장지, 식품 등",1
중고품,1
소금,1
이너뷰티,1
패션잡화>여권케이스,1
"냉장,냉동 저온식품",1
화장품/미용>바디케어>크림,1
취미/키덜트>프라모덜,1
IT>H/W,1
서류(계약서),1
의류>후리스,1
"필터샤워기, 샤워기필터, 샤워기호스",1
출산/육아>유아동잡화>헤어액세서리>헤어끈,1
레트로트 식품,1
식품>음료>요거트,1
냉동식품>번천,1
생활/건강/반려동물/고양이사료,1
"의류/식품>목도리,과자",1
잡화 > 공산품,1
제과,1
스포츠 보충제,1
생활건강>주방용품>식기>면기,1
디지털/가전>주방가전>거품/반죽기,1
아이폰,1
냉동물회육수,1
웨딩영상 usb,1
페이스팩,1
화장품/향수,1
디지털가전>카메라및캠코더용품,1
"악세사리 거치대,젤리,콘센트, 유리병",1
음료류>기타발효음료>유산균음료(콤부차),1
가구/인테리어>인테리어소품>아로마/캔들용품>촛대/홀더,1
화장품/미용>스킨케어>건강식품,1
패션잡화>가발>여성가발,1
생활/건강>반려동물>카시트,1
화장품 스킨케어 스킨,1
디지털>음향기기,1
여성언더웨어,1
라벨,1
코건강 용ㅂ숨,1
화장품/미용>메이크업>쿠션파운데이션,1
장난감>조립완구>옥스포드,1
가구/인테리어>인테리어소품,1
골프용품>스포츠용품,1
여성의류/의류,1
테크,1
시료,1
가구/인테리어>인테리어소품>액자>퍼즐/그림/사진액자,1
스포츠레저>캠핑>캠핑용테이블,1
생활용품>곽티슈케이스,1
생활/건강 > 눈건강용품 > 안대,1
건강식품>과채주스>건강즙,1
패션>의류,1
소형게임기,1
스피커>AI스피커,1
건강기능식품>멀티비타민,1
반려동물용품>급수기,1
티,1
생활/건강>반려동물>패션용품>티셔츠/후드,1
미스트,1
"상온식품(블렌딩 티), 티백, 틴 캔 / 선물세트 & 냉장식품(티 시럽, 250ml, 플라스틱병)",1
생활용품>건강용품,1
생활/건강>주방용품>식기,1
애니굿즈,1
스포츠>테니스>선물세트,1
생활/건강>반려동물>고양이용품,1
"문구류(다이어리,노트)",1
"의류,잡화,악세서리",1
위생용품,1
디지털가전/가전/주변기기,1
생활/건강>공구>전기용품>기타 전기용품,1
생활용품>청소용품>청소세제,1
칵테일 키트와 가방,1
헬스기구,1
화장품/미용>베이비,1
캠핑용품>랜턴,1
마스크팩,1
생활용품>주방용품,1
임산부화장품,1
휴대용가스렌지,1
스포츠레저>보호용품,1
"바디스프레이, 아로마오일",1
화장품/식품/의료기/의류/등등,1
소금(식용),1
가전>계절가전>온열매트,1
화장품/미용>스킨케어>모델링팩,1
귀금곡/귀걸이/목걸이/팔찌,1
골전도이어폰,1
화장품/미용>셀프염색>염색약,1
화장품/미용>클렌징 비누,1
냉동식품>쌀국수,1
디스플레이>자석액자,1
"신선식품>과일,채소",1
식품>그릭요거트&그래놀라,1
자재,1
"화장품크림,스킨,마스크팩",1
가구리빙소품/의자/식기류/문구류/수납함,1
가공식품>식용유/오일,1
로그분석중입니다,1
유아동품,1
계란,1
도서>수험서,1
주방기기>커피머신>커피머신부품,1
냉동빵,1
미용실가구,1
장남감,1
일반잡화,1
냉동>아이스크림,1
스포츠/레저>골프>골프백,1
"명함지갑,화장품,",1
"식품>과자, 컵라면",1
점퍼,1
조립식창고,1
식품>건강식품>영양제>쏘팔메토,1
핸드메이드 소품,1
"잡지, 서적",1
살균 탈취제,1
"직물>카페트,러그",1
화장품/스킨케어>로션>아이크림>립스틱>아이섀도>팩>정관장>홍삼>비타민>,1
옷 숏패딩,1
생활/건강 > 주방용품 > 칼/커팅기구 > 다지기,1
티슈케이스,1
생활/건강>주방용품>조리기구>기타조리기구,1
모형,1
패션/의류>남성패션,1
장갑,1
음료> 수제청,1
수입 냉동 축산물,1
3D프린터>소모품,1
수집>키덜트,1
왁싱기,1
한우꼬리,1
생활/건강>생활용품>보안용품>호신용품,1
패션의류>여성언더웨어/잠옷,1
마사지크림,1
"식품>간편식, 밀키트",1
"그림, 동화책",1
식품->차,1
컴퓨터뷰퓸,1
출산/육아>스킨/바디용품>유아입욕제,1
"머그컵, 악세사리",1
생활/건강문구/사무용품앨범접착식앨범,1
냉장/냉동식품>디저트>테린느,1
인테리어>아트상품(그림액자),1
스포츠/레저>기타스포츠용품,1
디지털 가전>생활가전>무전기,1
"다이어리,노트>노트",1
"패션잡화>장갑,양말",1
생활건강/주방용품/식기/수저,1
출산/육아>이유식용품>턱받이,1
의류>여성,1
"게임기,게임",1
인테리어소품 - 조명 무드등,1
"책자,진공포장파우치",1
홈데코>패브릭,1
기초 화장품,1
음향가전>마이크>알반마이크,1
화장품>헤어케어>샴푸,1
캐릭터굿즈,1
자동차용품>첨가제,1
종합쇼핑몰>패션>잡화>미술품,1
물티슈,1
의료약품>인슐린,1
전자담배>전자담배부품,1
가전디지털  >PC부품  >USB허브/케이블/젠더  >케이블,1
식품건강식품,1
의류/패션>의류,1
요거트,1
휴대용 블루투스오디오기기,1
가스,1
보호대류,1
화장품/미용>스킨케어>미스트/앰플,1
식품>라면,1
악기 기타,1
독서대>스틸독서대>갭데스크,1
위생용품>살균소독제,1
강아지 목욕용품,1
노트북 차저,1
"화장품/미용>스킨케어>마스크팩,미스트,마사지툴",1
식품>냉장>낙곱새,1
전자제품 악세서리,1
생활용품>사무용품,1
생활/건강>세제/세정제>식기세척기전용세제,1
화장품/미용>스킨케어>클렌저,1
ㅇ,1
"의류,인형",1
"화분, 핸드폰케이스, 반려동물 식기",1
인테리어/그림 자동차용품/주차번호판,1
가죽제품,1
패션/잡화>의류/신발,1
옷>반팔,1
생활/주방,1
서류가방,1
디지털/가전>주방가전>음식물처리기,1
생활/건강>생활용품>생활잡화>돗자리/매트,1
보드,1
침구류>베개>경추베개,1
패션/의류>남성의류,1
생활건강>건강관리용품>먼지마스크  등,1
"공예품(접시,컵)",1
건강기능식품>혈액순환제,1
물놀이용품>튜브,1
육아>식기,1
"샐러드, 샌드위치",1
수입가구및소품,1
전자제품>충전기,1
"다이어리, 문구",1
유아동>목욕용품,1
튜ㅕ냐저마ㅑ머버2ㅓ커72,1
속옷류 스타킹 여성 잡화류,1
디지털/가전/휴대폰악세사리/휴대폰케이스,1
명함,1
수산>건식품>건어물,1
과자>한과류,1
식품>음료>티백,1
생활/건강>의료용품>거즈/붕대/솜류,1
생활/건강>주방용품>보관/밀폐용기>물병,1
화자품/미용>피부미용>크림,1
상의,1
소화기,1
클리어 슬라임(장난감),1
반려동물 용품/식품,1
식품>다이어트식품>단백질보충제>단백질음료,1
생활용품>물티슈,1
농산물>옥수수,1
일반식품>차,1
"컴퓨터,의류",1
네일스티커,1
화장품 스킨 로션,1
이유식,1
유제품,1
홈리빙>자세교정,1
저주파 마사지기,1
건강식품/커큐민,1
가전/디지털>핸드폰악세사리>핸드폰케이스,1
홈리빙>청소용품,1
화장품/미용>헤어케어>헤어에센스,1
Auto Parts,1
"아쿠아슈즈,캠핑,의류",1
패션잡화>의류,1
식품>음료>차류>생강차,1
SiC powder,1
"장난감, 잡화",1
화장품/미용>모델링팩,1
인테리어 용품,1
캠핑용품>캠핑컵,1
의류/코트/여성코트,1
홈인테리어욕실용품변기/비데용품,1
식품>음료>이온음료,1
가전제품(복합환풍기),1
운동보조기구,1
"스타킹,양말",1
수집용 트레이딩카드/베어브릭/완구류,1
약국 약,1
도복,1
아웃도어>캠핑용품,1
화장품/미용-헤어케어,1
가전/인테리어,1
Camera,1
의료기기>의료제품>소변컵,1
화장품>스킨케어>미스트,1
디지털/가전>태블릿PC액세서리,1
식품/영양제/기타건강식품>효소식품,1
CD앨범,1
시디,1
생활용품 > 보안용품> 자물쇠,1
의류/악세사리>유아동복,1
ds,1
커피음료,1
축구화,1
냉장냉동>치즈,1
의류/문구/유리컵/잡화,1
"금형부품, 시료, 서류",1
옷/잡화,1
"식품,음료,건강기능식품",1
유아동,1
오토바이/부품,1
호흡운동기구,1
화장품 베게,1
식재료 쿠킹 박스,1
생활/건강>수집품,1
화장품/미용>스킨케어>마스크,1
의류>스커트,1
의류/잡화>신발>가방,1
음료>탄산수,1
의류> 티셔츠,1
카드박스,1
교육교구,1
디지털/가전>주방가전,1
식품>빵>케이크,1
케이팝음반/굿즈/화장품/스킨케어/과자/책,1
핸드폰 거치대 스마트톡,1
우산,1
애견용품>사료>간식,1
교통카드,1
인테리어>러그,1
화장품/미용>클렌징>세안비누,1
디지털/가전/주방가전/기타주방가전,1
반려동물 건조간식,1
건강식품>식품,1
"칫솔, 주방세제",1
화장품> 스킨케어> 로션,1
식품>가공식품>소스,1
음료>커피>액상커피,1
냉동 한우,1
수납/정리용품>바구니,1
화장품/미용>두피케어>샴푸,1
"애견간식, 떡볶이",1
"공예품, 잡화",1
주방용품>제과/제빵용품>와플팬,1
노트북 받침대,1
디지털/가전>주방가전>에어프라이어,1
자동차>자동차용품>카매트,1
생활/건강주방용품->커피용품,1
출산/육아소독/살균용품>젖병건조대,1
장식소품,1
화장품/색조>립틴트,1
"식품>젓갈류, 식품>반찬류",1
살균소독기,1
스포츠/레저>보호용품>팔보호대,1
애견/간식,1
"빵, 디저트",1
화장품/미용>,1
"화장품/미용>기능성화장품>로션,에센스",1
네,1
식/음료>음료>탄산음료,1
미용>타투>타투용품,1
통신판매중계업,1
잡화 안경,1
냉동/간편조리식품>만두,1
디지털/가전생활가전청소기무선청소기,1
생활/건강>문구/사무>데스크용품,1
식품 > 음료 > 병음료 / (6입들이 박스),1
스낵류,1
남성옷/여성옷,1
스포츠 용품(아이스하키),1
전기모기채,1
"잡화,화장품 등",1
"유리 병, 나무 제품들, 취급주의",1
"건강/생활>생활가전>좌욕방석, 전기담요",1
생활>실버용품>목욕보조용품,1
완구/피규어>인형,1
의류 > 여성의류,1
애견/애묘 사료,1
유아동>완구,1
시계>남성,1
디지털피아노,1
"운동용품,애견용품",1
문구/생활용품,1
생활용품>구강/면도>치약,1
스낵>건강간식>자연공유,1
기타상품,1
생활건강>수집품>게임,1
111,1
자동차 부품 및 용품,1
운동용품>아령,1
전자담배액상,1
ㄴㅁㅇㅁㅇㅁㄴㅇㅁㄴ,1
도서>수험서>전문직/고등고시,1
스포츠/레저>자전거>자전거용품,1
식품>건강식품(상온),1
식품>샐러드,1
문구잉크,1
생활/건강>안마용품(괄사),1
모니터,1
농축산>과일,1
생활/건강/인테리어 소품,1
"화장품/이너퍼퓸(뿌리는여성청결제, 바디데오드란트포워먼)",1
디지털/가전>PC액세서리>USB액세서리,1
1.화장품/미용> 헤어케어> 탈모케어     2.화장품/미용> 뷰티소품> 헤어소품> 헤어브러시,1
가방잡화,1
화장품/미용>클렌징>스크럽/필링,1
패션잡화>주얼리>목걸이>패션목걸이,1
식품>탄산음료,1
프린터/스캐너/라벨/리본,1
생활용품>주방잡화>앞치마,1
"생활용품>벽지,DIY",1
"운동용품, 식품>건강식품",1
생물>물고기,1
문구/그림>캔버스,1
러그,1
기부품,1
냉장>요거트,1
생활용품>방향제,1
꿀캡,1
반려동물>강아지용품>강아지쿠션,1
반려동물>강아지 건강>영양제,1
가공식품>잼,1
"식품>빵,초콜렛",1
스마트폰주변기기,1
유아용 장난감,1
"소파,칫솔",1
일판 소포,1
스포츠용품>신발,1
식품>냉동/간편조리식품>기타냉동/간편조리식품,1
컵라면,1
음원,1
의약외품>소모품 외,1
식품>가공 tea,1
"남성언더웨어,건강기능식품,일반식품,생활잡화",1
가구/인테리어>카페트/러그,1
"도서, 잡화, 문구",1
화장품 기초,1
후드티,1
일상>취미용품,1
기타헬스용품,1
마스크케이스,1
애견>탈취제,1
식품>간식>떡,1
유아>장난감,1
"카페트, 발매트",1
패션/의류>바지,1
냉동 농산물 가공식품,1
의류/상하의>유카타,1
전자기기>음향장비>헤드셋,1
전기부품,1
학습기기,1
생활잡화>물놀이튜브,1
화장품/미용>스킨케어>여드름 패치,1
식품>냉동도시락,1
반려동물->강아지용품->강아지계단,1
골프,1
화장품/미용>바디케어>바디워시,1
식품 - 반찬 - 대용량 반찬,1
가구/인테리어>홈데코>주방데코>식탁보,1
"리빙, 소형가전 등",1
화장품/미용>바디워시,1
가전 디지털 악세사리,1
생활건강>발건강용품,1
문구사무용품,1
악기>첼로,1
옷>후드티,1
실버용품>돋보기,1
"에코백,찻주전자,컵",1
미용>스킨케어>비누,1
화장품>색조.기초,1
"휴대폰 케이스, 필름",1
식품 > 음료 > 침출차,1
애견>미용>샴푸바,1
건강>헬스케어>마스크,1
스포츠의류>컴프레션웨어,1
어린이완구,1
홈/리빙>행주/수건,1
쌀10kg,1
화장품/미용색조메이크업아이섀도,1
의류(양말),1
과일가공품,1
패션의류>여성의류>원피스,1
건강기능식품>차전자피환,1
화장품>풋케어>풋워시,1
행사물품,1
아크릴키링,1
디지털가전>주방가전>음식물처리기,1
dd,1
생활>반려동물용품>사료,1
신선식품 - 대용량 반찬,1
전자제품>악기,1
IT 기기,1
공사자재,1
의류>속옷,1
화장품/미용>스킨케어>오일미스트,1
화장품>스킨케어>수분스틱,1
신발/나이키,1
랜턴>캥핑용>5.1CH,1
라면 과자류,1
패션의류>원피스,1
서적>수험서,1
즉석식품>냉동밀키트,1
"냉동식품-밀키트-즉석국,탕",1
캠핑>연료통,1
건전지,1
스포츠/레저>캠핑>랜턴>손전등,1
식품 수산물,1
미용>제모>부자재,1
IT기기,1
인테리어/가구>수예>뜨개질,1
식품>기타차,1
가방 및 가방소품,1
통증패치,1
용기>유리잔,1
스포츠/레저,1
가공식품/소스/향신료,1
의류/ 모피,1
실내화,1
캇츠,1
음식>식재료>육수등,1
냉동블루베리와 망고,1
블루투스스피커,1
"식품(시럽), 식기, 과자, 의류, 악세서리 등",1
자동차용품>보관함,1
가구/인테리어 > 홈데코 > 쿠션/방석 > 일반방석,1
LED전구,1
릴>베이트릴>천류,1
패션>의류>신발,1
아이스박스,1
화장품케이스,1
디저털/가전>주방가전>전기포트,1
화장품&건강기능식품,1
전상품,1
스틱커피/병음료/머그/텀블러등,1
식품>건어물>새우포,1
"사은품(달력,안내문,편지 등)",1
"냉동식품 > 만두, 볶음밥, 핫도그",1
아로마/캔들용품 > 디퓨저,1
"생활용품, 차량용품",1
의료 소모품,1
생활건강>비데>기계식비데,1
패션잡화>안경 및 선글라스,1
가구/인테리어수예수예용품/부자재,1
과학기자재>시료,1
생활/건강>공구>안전용품>안전장갑,1
반려견용품,1
스포츠양말,1
일상소품,1
동물용품,1
생활/반려동물 용품,1
식품소스>드레싱기타소스>드레싱,1
가전/디지털>폰악세서리>케이스,1
리빙>문구/사무용품,1
팔찌,1
화장품/스켄케어/앰플/앰플세럼/오일세럼,1
애견식품,1
생활/건강>반려동물>미용/목욕>에센스/향수/밤,1
가구/인테리어 > 솜류 > 이불솜 > 거위털/오리털이불솜,1
잡지/포토카드>스티커,1
"화자품>파우더워시, 마스크팩, 톤업크림",1
의료소모품,1
한약재,1
식품(상온보관),1
떡,1
생식(곡물),1
일반화물,1
디지털/가전>메모리카드>MicroSD메모리,1
반찬->절임류->간장게장,1
건강용품,1
수집용 인형,1
기말보고서,1
디지털/가전>휴대폰악세서리>웨어러블디바이스 악세서리,1
"디자인소품>여권케이스,네임텍",1
생활>문구>카드>봉투,1
장패드 / 우산 / 부채 등,1
현재 아이템 기획중입니다.,1
팻 용품,1
인테리어 리빙 소품,1
화장품/미용>네일케어>네일케어도구,1
패션잡화>여행용가방/소품>중대형 캐리어,1
생활용품>청소용품>회전청소기,1
가방.신발.옷,1
화장품>여성용품>여성청결제,1
악세서리>키링,1
운동매트,1
문구 잡화,1
"애완용품,스마트워치 악세서리",1
가정용품,1
식품>가공식품>젤리,1
냉동케익,1
장난감> 문구> 카드,1
음향가전>스피커>블루투스스피커,1
골프 거리측정기,1
위생,1
반려동물>용품 및 간식,1
안전벨트,1
코코아 파우더,1
에탄올난로,1
휴대폰>휴대폰케이스,1
화장품/미용>탈모기능성화장품,1
생활/건강재활운동용품자세교정용품,1
의류>코스프레,1
사진앨범,1
건강/건강용품,1
"인형 , 실",1
식품>밀키트>냉동식품,1
전자제품/전자기기,1
디지털/가전>카메라용품>인스턴트 필름,1
광고대행,1
"KF94마스크, KF80마스크, 일회용마스크",1
발건강,1
휴대용 포토프린터 및 인화지,1
게임기 일부,1
"의류, 화장품",1
유아패션,1
귤,1
디지털/가전생활가전손소독기,1
주류>맥주>수제맥주,1
애견용품>동물용 비누,1
식품>냉동식품/간편조리,1
생활/건강>반려동물>고양이 배변용품>후드형화장실,1
식품과자/베이커리아이스크림/빙수아이스크림,1
"식품>가공식품>잼,스프레드",1
육아용품>턱받이,1
소형상품,1
화장품/미용>스킨케어>마스크팩&자외선차단제,1
카택택태태탵태개택민,1
생활건강>반려동물>미용/목욕>샴푸/린스/비누,1
디지털/가건>음향가전,1
"잡화,서류",1
패션잡화>핸드백,1
자동차엔진오일,1
디지털>가전,1
디지털/가전>음향가전>마이크,1
화장품>미용,1
축산,1
여행용가방/소품,1
"그릭 요거트 및 토핑, 관련 부자재",1
딜도,1
헬스케어용품류,1
애견기저귀,1
"식물, 화분",1
식품/컴퓨터/모니터/의류/이불/가전기기/접시,1
펫푸드/용품>사료/간식 및 영양제/용품,1
컨텐츠 CD앨범,1
휴대폰>악세사리,1
디지털/가전>저장장치>SSD,1
미용>속눈썹>속눈썹재료,1
개인물건,1
생활/건강>생활용품>세제/세정제>곰팡이제거제,1
화장품/홈리빙,1
"서류,철강재",1
가구/인테리어>수예>수예용품/부자재,1
자전거 부품,1
패션잡화>주얼리>주얼리소품>보관함/케이스,1
건강식품>비타민,1
디지털/가전 > 음향가전 > 마이크 > 마이크 주변기기,1
피크닉매트,1
소형전자제품,1
생활용품 > 잡화 > 주방용품,1
생활/건강>욕실용품>면도용품>면도기,1
생활/가전/식품/건강/,1
"서적,아크릴 캐릭터 상품",1
레저/스포츠>수영>여성수영복,1
핸드폰/게임용품 악세사리>케이스,1
"전자상거래,건설자재",1
레고,1
"생활용품>칫솔,치실",1
"화장품>초음파젤, 뷰티>미용기기",1
"화장품/미용>샴푸, 트리트먼트",1
얇은책.,1
의료기기>로션,1
식품/생활용품,1
원단,1
과일착즙주스,1
유아용품>유아침구,1
생활용품>옷,1
"화장품/ 클린저, 팩, 비누, 보습제",1
"러그/발매트,침구류",1
"섬유향수, 러그",1
의료기기>기계,1
의류/식기,1
의류/잡화/화장품/세제/생활용품,1
가구인테리어>발매트,1
화장품>기초>앰플,1
"식품>붓기차,기타가공품",1
패션>여성의류>상의,1
"사무용품/문구>L홀더,바인더",1
"농산물, 특용작물",1
화장품/미용>바디케어>바디스크럽,1
생활용품/의류,1
도서/어린이/어리이(공통)/교양/취미,1
"생활잡화>발매트,주방매트",1
"식품>베이커리>생지,완제품",1
출산/육아>임산부용품,1
화장품/미용>애견용품,1
생활>일회용품,1
스포츠/레저>캠핑>취사용품>바비큐그릴,1
육아용품 > 장난감,1
조류용품,1
화장품/미용>바디케어>아로마,1
IT>DIY>전자부품,1
"패션잡화>신발,구두",1
여성슈즈,1
스포츠용품>원반던지기,1
"화장품, 생활용품",1
냉동식품>떡볶이류,1
화장품/미용/의류,1
골프공,1
샤워필터,1
재봉사,1
"가구,인테리어>인테리어소품",1
전기전자,1
다이마루>정장>티셔츠,1
화장품/미용>선크림,1
식품>가공식품>건강분말>식사대용식,1
여성패션>가방,1
식품-라면 차량용품-에어컨필터 의류-트레이닝복,1
음식 샐러드 샌드위치,1
diy명화그리기,1
음료>가공식품>커피,1
FSS,1
식품>과자>기타과자,1
반려동물>동결건조간식,1
냉장고,1
아동용완구>핑거페인트,1
생활/화학제품,1
스포츠/레저>헬스>스텝퍼,1
가구>인테리어소품,1
"카페트,침구",1
화장품/미용>아이브로우/네일,1
"화장품>향수, 화장품>스킨케어>미스트, 크림 등",1
반려동물전자제품,1
생활용품>보안용품>호신용품,1
서적-화보집,1
생활용품 및 잡화,1
화장품/바디핸드크림 향수,1
화장품/미용>스킨케어>로션1,1
private service,1
"화장품/미용>미용도구 및 아로마>화장솜, 아로마오일",1
모름,1
"생활용품, 가구",1
디지털/가전>영상가전>영상가전악세서리>tv셋톱박스,1
헤어용품,1
비데필터,1
농업기계부품,1
생활/건강>공구>전기용품>멀티탭,1
식품>프로틴파우더,1
생활/건강>생활용품>항균스프레이,1
디지털/가전>게임기/타이틀>가정용게임기,1
건강기능식품> 숙취해소제,1
생활소비재>수세미/샤워타월,1
마스크/에코백/미니선풍기/짚신/텀블러/차이팟/에어팟/음료 등등,1
건강>저주파치료기,1
식품·건강>간편식·냉장·냉동>양념·육가공·수산>막창,1
"일반 서적 출판업, 기타 인쇄물 출판업, 전자상거래, sns마켓, 해외직구대행업",1
애견용품/의류>사료>간식,1
".다이어리, 노트패드,마스킹테입",1
식품>과자류,1
패션잡화>양말,1
자전거>자전거용품,1
기타 의류,1
피아노 신디사이저,1
건조기 9kg,1
차량용품 등 기타,1
밀크티 베이스,1
장식인형,1
구름크림빵,1
가구/인테리어>인테리어소품>액자>벽걸이액자,1
생활/건강>욕실용품>샤워기,1
농산품,1
헤어밴드,1
행주,1
악세사리/장난감>열쇠고리,1
화장비누,1
화장품> 마스크팩,1
시리얼,1
디지털/가전 > PC액세서리 > 케이블타이/정리함,1
생필품>생리대  /  건강기능식품,1
식품>과자>강정,1
보드게임>카드게임,1
핸드워시,1
반려동물용품>강아지샴푸/미스트,1
디지털/가전>생활가전>스탠드>LED스탠드,1
스포츠잡화>축구화,1
아기띠,1
생활/가전>전자기기,1
화장품 > 스킨케어,1
화장품/미용>헤어케어>헤어토닉(냉장),1
주방소모품>일회용품>지퍼백,1
전자제품>휴대폰악세서리>케이스,1
": 생활/건강>문구/사무용품,가구",1
미용>화장품용기,1
생활/건강>문구/사무용품>다이어리/플래너>다이어리,1
옷 바지 조거팬츠,1
수입식품>향신료>샤프란,1
식품>잼(병),1
생활/건강>자동차용품>익스테리어용품>사이드미러,1
어린이교재/보드게임,1
화장품/미용>핸드케어>핸드워시,1
"스포츠>골프>골프장갑,골프웨어",1
화장품/미용>발열크림,1
눈썹연장키트,1
의류>슬리퍼>여성용슬리퍼,1
생활용품>주방용품>컵/잔,1
악세사리>귀걸이,1
"패션의류, 패션잡화",1
컨실러,1
차량용 연료첨가제,1
홍삼정등,1
TWC_CS,1
게임타이틀,1
디지털/가전>저장장치>USB메모리,1
생활용품 > 청소용품 > 배수구클리너,1
"홈데코>가구>토퍼, 스트랩",1
"전자상거래, 스포츠 용품",1
인형/완구류 외,1
오이,1
식품-가공식품,1
골드 너겟,1
요리관련용품,1
화장품 스킨캐어,1
패션의류>애슬레저,1
식품>건어물>반건조오징어,1
커피용품 및 유아용품,1
PC>그래픽카드,1
생활건강>문구>문구세트,1
소품>테이블매트,1
주물부자재,1
출산준비물,1
출산/육아>완구/매트>신생아/영유아완구>모빌,1
마스크/화장품,1
식품 > 고형차,1
신선상품,1
웰컴 키트>에코백,1
족발,1
식품/건강기능식품>영양제>기타건강보조식품,1
여행 및 등산용품,1
생활건강>건강관리용품,1
반려용품>식품>영양제/간식,1
식품/정육>닭>가공육,1
"의류, 잡화, 외 잡류",1
햄스터/사료,1
수학 교재,1
식품 (실온),1
생활/건강>고양이용품>고양이모래삽,1
엑스배너,1
자동차용품>스노우체인,1
운동>자전거용품,1
"식품->축산->돼지고기,닭,소고기",1
생활/건강>정원/원예용품>화분,1
농자재,1
생활잡호ㅓ,1
출산/육아안전용품모기밴드/퇴치용품,1
유아 의류,1
스포츠/레저>헬스>헬스소품,1
잡화>양말,1
핸드폰악세사리 공기청정기 필터 등등,1
가공식품>면류>건면>국수면,1
여성의류>잡화>신발,1
가공식품>기름>올리브오일,1
디지털/가전>생활가전>해충퇴치기,1
냉동식품 - 제빵류,1
생활용품>쇼핑백,1
반려동물 의류,1
살균기,1
문구용품 파일철,1
생활용품>주방,1
"지갑,벨트",1
태블릿 기기 악세서리,1
생활 제품,1
기타건강식품 다이어트식품,1
잡화서적>앨범,1
체스세트,1
세제,1
의약품> 한의약품,1
스팸,1
스포츠용품/자전거용품,1
"무전기,무전기이어폰",1
그로서리,1
데스크웨어,1
디지털/가전>휴대폰액세서리>휴대폰케이스>기타케이스,1
앨벰,1
식품/마카롱,1
자동차용품>연료첨가제,1
가전제품>램프,1
보건마스크,1
건강>당뇨관리용품,1
포장>커피>다회용컵,1
아로마/캔들용품 > 초/향초,1
탈취제 선물세트,1
"의료기기, 잡화",1
패션>가방,1
가구/인테리어>인테리어소품>오르골,1
가전/공기청정기,1
가공식품>과채가공품>담금주키트,1
식품>분말류 기타가공품,1
컴퓨터 부품 > 램,1
기타수공구,1
가전>생활가전>핸디 스팀다리미,1
생활>수납,1
반려동물>영양제,1
스포츠레져>낚시용품,1
공예.자계모빌,1
젤네일,1
"식품>과자,베이커리>젤리",1
의휴,1
"디퓨저, 차량용 방향제",1
서핑요가보드,1
생활>공구>수공구,1
"의류,전자제품",1
레져용품,1
인테리어용품,1
출산/육아/완구/답례품,1
에어태그,1
주방용품>주방잡화>수세미/고무장갑/솔,1
"마스크, 김서림방지 안경닦기, 수세미",1
스포츠/레저>보호대,1
"리빙, 패브릭",1
출산육아>임산부용품>기타임산부용품,1
화장품/미용>바디 제품>바디 스프레이,1
화장품등,1
"반려동물 사료, 간식",1
스포츠레저>캠핑>랜턴,1
생활/건강>원예/식물>금꽃,1
김부각,1
생활전자기기> 도어락,1
화장품/미용>다이어트,1
축산물/식육상품,1
중고핸드폰1개,1
생활건간>생활용품,1
침구류(구스이불등),1
스포츠/레저>캠핑>캠핑용품,1
유아복,1
디지털/가전>PC부품,1
스포츠/레저>스포츠엑세서리>아이스머플러/스카프,1
생활용품>반려동물용품,1
지류/아트포스터 및 액자,1
도자기 필터,1
수집품>피규어,1
반려동물>음식>수제간식,1
패셥잡화/베개/슬리퍼 등,1
종이 라벨,1
잡화/서적>노트,1
생활세제,1
모니터패널,1
이사짐,1
반려동물>식품용품,1
패션의류/남성의류,1
유아동>이유식용품>스푼&포크,1
전기청소기,1
화장품/미용>스킨케어>스킨/토너,1
무선 마우스,1
의류/ 캐주얼재킷,1
"화장품>기초>스킨,로션,클렌징,크림류",1
상온잡화,1
가전디지털/컴퓨터주변기기,1
헤드폰 잭,1
생활 가전,1
인테리어>액자/포스터,1
생활/건강>공구>운반용품>핸드카트/운반기,1
커피그라인더,1
생활용품>욕실용품>샤워기,1
"식품>냉동/간편조리식품>국,탕,찌개",1
디지털/가전 > 게임기/타이틀 > 게임기주변기기,1
스마트폰 액세서리 케이스,1
의류 > 반팔티,1
"옷, 화장품",1
홈리빙,1
가전>생활가전>해충퇴치기,1
"압축분무기,소독용액",1
주방가전 외,1
냉동 및 냉장 디저트,1
수제품,1
식기,1
문구/사무용품>스티커/테이프,1
주방용품>커피잔세트,1
식품/음료/생수,1
아이스바,1
식품>반찬>장아찌,1
"의류, 목욕용품, 건강기능식품",1
디지털/가전>생활가전>보풀제거기,1
화장품/미용>스킨케어>스킨,1
김,1
의류>패션/잡화,1
비품,1
속눈썹과글루,1
토이/문구/팬시/리빙/잡화,1
에어팟케이스,1
디지털/가전>음향기기>헤드셋,1
SHOE,1
"화장품/미용>스킨케어, 의류 > 상/하의, 과일>사과",1
0000,1
"브로치, 스카프",1
출산/육아>완구/매트>캐릭터카드/딱지,1
"대마초, 마약, 프로포폴, 전자담배, 원목(대나무, 소나무, 호두나무) 등...",1
등산용품,1
생활용품>수납함,1
출산/육아>물티슈,1
생활/건강>문구/사무용품>데스크용품>독서대,1
생활용품>케이스,1
과자>쿠키,1
인테리어>시계,1
유아동 완구,1
생활용룸,1
잼,1
ff,1
묵을꺼,1
냉동과일>두리안,1
"생활용품>세제,살균제",1
세제/세정제>청소세제,1
생활/건강>반려동물>야외용품>목줄,1
식품>수산물>고등어,1
건강기능식품>아연,1
생활/건강>정원/원예용품>물조리개,1
문구사무용품>커터,1
온수찜질기,1
동물영양제>분말,1
화장품/세제,1
운동 용품,1
"공구, 작품",1
생활/건강>문구/사무용품>이벤트/파티용품>데코용품,1
유아>그림/한글카드,1
생활/건강 > 자동차용품 > 차량실내용품 > 목쿠션,1
의류>이너웨어,1
"생활용품(독서대,태블릿거치대,무드등 등등)",1
검도용품,1
아동용품,1
전자기기>오디오>블루투스 스피커,1
식품>건기식>분말류>과채분말류,1
이미용기기,1
디지털/가전 > 계절 가전 > 가습,1
디지털가전>휴대폰악세서리>암밴드,1
"장난감,캠핑용품 등",1
식품 > 축산가공식품 > 기타육가공,1
일회용기,1
기계식키보드,1
출산/육아>구강청결용품>유아칫솔,1
"홈>홈트,스포츠,캠핑>홈트레이닝",1
여성 아우터,1
원예,1
"상온식품(티백, 과자)",1
"DIY>보석십자수, 피포페인팅",1
반려동물용품>펫티켓봉투,1
웰컴키트,1
생활건강/욕실용품>샤워목욕용품>샤워가운,1
식품>농산물>과일,1
문구->스티커,1
"자동차 DIY용품,잡화류",1
"문구, 생활용품",1
"캔들,문구",1
전자기기>태블릿,1
생활/주방/욕실,1
팜플렛,1
화장품/미용>스켄케어,1
가공식품>냉동식품>떡볶이,1
수산물/조기,1
생활용품>인테리어,1
면도기/화장품,1
생활용품>생리대>팬티라이너,1
생활건강>자세교정용품,1
화장품/미용>색조 등,1
기기,1
패션잡화>여성신발>슬리퍼,1
농업기계 분무기,1
쿠팡 홈  >생활용품  >생활잡화  >생활테이프  >양면폼테이프,1
잡화>여성핸드백,1
패션잡화>선글라스,1
문구>스테이셔너리>노트 등,1
안경테,1
반려동물 식품,1
패션잡화>잡화,1
"의류>코트 , 의류>셔츠",1
강아지옷(용품),1
스포츠레져/레져/캠핑테이블,1
운동기구>부품,1
생활/건강>안마용품>안마기,1
가구/사무용가구/책상/의자/파티션,1
의류>비치웨어>비키니,1
디지털/가전>휴대폰액세서리>웨어러블 디바이스,1
일회용품(포장),1
차,1
통장,1
"화장품/미용>바디케어>여성청결제, 웰니스>콘돔",1
애완용품 및 사료/간식,1
유아용의류>내의,1
"의류, 화장품, 생활용품, 스낵",1
주방용품>보관/밀폐용기>물병,1
전부,1
컨테이너,1
이끼,1
수산물 장어,1
스마트폰>악세서리>케이스,1
배달,1
콩,1
음식>양식>돈까스,1
스포츠/레저>보호용품>보호대,1
소형가전>음향가전>마이크,1
음반(LP),1
유아동용품>유아의류,1
디지털 카메라,1
식품>과채가공품>냉동과카몰리,1
의류/가방/잡화,1
생활용품>주방용품>음식물쓰레기통,1
생활/건강>강아지장난감/훈련>장난감/토이,1
"제과제빵> 쿠키, 빵",1
누룽지,1
"스마트폰/에어팟케이스, 마스크 등 생활잡화",1
뒷방석,1
주방장갑,1
앖음,1
자동차 > 악세사리,1
식품>다류>침출차,1
생활/건강>공구>안전용품>소화기,1
남여의류,1
문구>봉투,1
식품>과일가공품/주스,1
강아지용품,1
골프 의류 및 악세사리,1
r갸갸,1
책/잡화,1
화장품/미용>스킨케어>스킨로션세트,1
서류1장,1
방향제>아로마 오일,1
스포츠용품>테니스용품>테니스공,1
반려동물 영양제,1
핸드폰액세서리,1
해먹,1
디지털/가전네트워크장비기타네트워크장비,1
"패브릭 제품 > 담요,가방 등",1
신선식품>요거트,1
제과도구,1
생활/건강 〉 주방용품 〉 보관/밀폐용기 〉 보온/보냉병,1
화장품 미용 미용기기,1
장난감 -인형,1
컴퓨터및주변기기,1
의류>남성의류,1
악세사리>리본>핀,1
바인더,1
의류 및 액세서리,1
생활용품>섬유향수,1
상온보관식품(아몬드초코렛),1
애견영양제,1
식품(발효음료 / 콤부차),1
핸드메이드>자수용품,1
드립백,1
화장품>스킨케어>세럼,1
생활용품>욕실용품>샤워필터,1
생활/건강>데코용품,1
생황용품,1
스포츠/레저낚시>낚시공구기타>낚시공구,1
디지털/가전 > 휴대폰액세서리,1
네일아트,1
주방용품 가공식품,1
식품>닭가슴살쉐이크,1
생화,1
화장품 용기,1
생활건강>위생용품>핸드워시,1
화장품/미용>스킨케어>세럼,1
"디저트 > 쿠키, 휘낭시에 >기타디저트",1
강아지>사료>습식사료,1
패션잡화 양말,1
음료/주류>주류,1
화장품/미용/헤어케어,1
건강기능식품 이너뷰티,1
스포츠>골프>골프클럽,1
건기식/홍삼,1
잡지,1
건강(기능)식품,1
반려동물>사료/간식/용품,1
청소도구,1
가공식품>음료>과채주스,1
냉장 냉동,1
침구류,1
"화장품>핸드워시, 위생용품>주방세제",1
"냉동식품,냉동도시락",1
식품류 및 부자재,1
냉동 밀키트,1
충전식 미니 전등,1
식품>가공식품>소스류,1
화장품/미용>스킨케어>클렌징,1
생활/건강>의료기기/자가검체채취기의료기기,1
식품>과자/베이커리>사탕,1
위스키,1
디지털/가전>계절가전 >공기정화기>공기청정기,1
"수입축산물>소, 돼지, 닭",1
"화장품/미용, 생활용품, 주방용품, 욕실용품",1
화장품 등,1
치과보철물,1
꽃병,1
가구/장식소품,1
생활/건강>주방용품>커피용품>커피추출기,1
생활/건강>문구/사무용품>앨범>접착식 앨범,1
화장춤,1
골프가방,1
출산/육아>완구,1
식품>다이어트식품>단백질보충제>기타단백질보충제,1
"약,플라스틱",1
"토퍼, 침구류",1
에듀테크>드론/교재,1
잡화 의류,1
전자제품>모기잡이,1
완구/보드게임>타로카드,1
화장품/미용 > 스킨케어,1
공기살균기,1
문구>토퍼,1
"CD, 인형, KPOP",1
의류>언더웨어>여성속옷,1
"패브릭, 아크릴, 스티커, 금속뱃지, 실리콘밴드",1
생활/건강자동차용품수납용품,1
조미김,1
생활건강용품,1
일반 마스크,1
패션 잡화 및 속옷,1
옷>다운자켓,1
건강>파라핀치료기,1
디지털/가전>모니터,1
"생활용품>옷, 책",1
"건강기능, 보조 식품",1
"악세서리>애플워치,스포츠의류>땀복,배드민턴>셔틀콕",1
컵텀블러,1
식품>치즈,1
요가매트타올,1
"건강기능식품, 화장품",1
문구 굿즈,1
뷰티소품,1
샘활 건강,1
헤어제품,1
"화장품,칫솔",1
"조명/인테리어>아로마/캔들용품/촛대/홀더, 가방/패션잡화>모자>썬캡/썬바이져",1
생활/건강>자동차용품>편의용품>차량용온풍기,1
화장품/미용>클렌징,1
냉동육류,1
디지털/가전>주변기기,1
호주 마누카꿀,1
옷>상의>후드티,1
컴퓨터 주변기기>소프트웨어>운영체제,1
용품,1
책상,1
땅콩,1
디지털/가전 > 생활가전 > 스탠드,1
애견용푼,1
베이킹용품,1
의류>정장,1
"건강기능식품, 건강식품",1
"2D인쇄물, 3D인쇄물, 창작물",1
드럼,1
음향가전,1
식품>건강 기능 식품,1
공구>고무판,1
캐릭터상품/의류/마우스패드 등,1
로봇 제조,1
의류-양말,1
과일>냉동과일,1
캐릭터 굿즈,1
화장품>바디케어>여성청결제,1
신발 의류,1
제화,1
"디지털/가전>주변기기>키보드, 마우스, 이어폰, 헤드셋, 장패드, PC악세서리",1
생활/건강>반려동물>애견용품,1
잡화>신발>부츠,1
전기자전거/충전기,1
"골동품, 미술품",1
화장품>미용>바디케어>핸드크림,1
고양이 모래,1
냉동돈가스,1
식품>커피>캡슐커피,1
선글라스,1
학용품,1
식품>냉동식품>스무디키트,1
편지봉투 주민등록증 내재,1
노트북 악세사리,1
의류>원피스>롱원피스,1
건강관리용품>휴대용산소캔,1
"가정용전기기기>소형전기제품>LED조명, 스마트화분",1
"의류,텀블러,엽서",1
생활>주방용품>주방수납용품,1
가공식품>차류>블렌디드 티,1
도시라,1
농축산물>냉장고기,1
"PC주변기기, 세차용품",1
"스포츠  골프용품,기타",1
의료기기(소모품),1
무릎담요,1
미용 애견사료,1
"문구류 및 의류(과잠, 맨투맨)",1
화장품 > 스킨케어 > 마스크팩,1
"화장품/스킨케어/토너,클린징워터",1
식품>음료>기타차,1
LED조명,1
생활/건강>주방용품>식기>접시,1
패션잡화>주얼리,1
남성의류>티셔츠,1
스니커,1
욕실/뷰티,1
의류 발레복 / 유아발레복,1
브로슈어,1
인삼,1
마스크 및 생활용품,1
패션잡화>여행용가방/소품,1
강아지 사료/간식/용품,1
그립톡,1
패션잡화>지갑,1
필기구,1
"마우스패드,퍼즐",1
담배,1
인테리어타일,1
"반려동물 용품>간식,사료,장난감,용품",1
가전디지털,1
"패션 의류, 잡화",1
유아가전,1
화장품/미용>선케어>선세럼,1
냉동육,1
신선농축산물,1
가구/인테리어>서재/사무용가구>사무/교구용가구>기타사무/교구용가구(간이탈의실),1
디지털/가전>계절가전>선풍기>탁상형선풍기,1
패션의류 > 남성의류 > 티셔츠,1
컴퓨터주변기기>사운드카드,1
매트리스 슈퍼싱글,1
완구/피규어>인형>잡화,1
애플망고,1
여성 핸드백,1
식품>건강식품>기타가공식품,1
식품>냉동식품>밀키트,1
건강측정,1
종이상자,1
스포츠/레저>스포츠액세서리>스포츠선글라스,1
식품>냉동식품밀키트),1
전자제품>컴퓨터,1
건강기능식품>정관장,1
"화장품>색조, 베이스",1
"요소수, 밀키트 등",1
건강 식품,1
화장품 / 기초,1
스포츠용품>배드민턴,1
"화장품/미용>스킨케어>에센스,로션",1
농축산물,1
차량용소화기,1
12312,1
에코백/북보틀,1
tlrvna,1
향초,1
식품>차>홍차,1
화장품/클렌징>클렌징오일,1
기타건강식품>기타가공품,1
욕실/슬리퍼,1
소형인형,1
테크·가전/패션·잡화/뷰티/푸드/리빙·베이비/반려동물/여행·스포츠/취미·클래스,1
USB,1
디자인문구>노트,1
물품,1
패션/신발>운동화,1
유아문구류,1
주류>기타주류,1
1ㅑ뎌갸ㅑㄷㄴㄷㅇ래채래ㅕ랴ㅛ챛ㅂ펴ㅔㅍ먀ㅠㅂ퍔퍄ㅗㅁㅎ72ㅎ6ㅎ26ㄹㅂ8ㅅㅊㅂ9ㅛㄹ9뵯97ㅎ9ㅂㅎ0ㅕㅂㅍ07ㅂ페ㅕㅍ베ㅕㅍㅂ07ㅍㅂ07ㅍㅂ07ㅍㅁ0ㅕㅍ0ㅕㅁ페몊0ㅕㅁㅍ0ㅠㅂ0ㅠ07ㅂㅍ0,1
의약외품,1
화장품/미용>마스크/팩/마스크시트,1
"화장품, 건강기능식품",1
냉동빵류,1
디지털/가전>주방가전>전기포트,1
기타제화,1
스포츠/레저 > 헬스,1
생활/잡화,1
풀장,1
슬리퍼,1
건강의료용품>호흡수면건강용품>마스크,1
"화장품/미용>스킨케어>로션, 클렌저, 마스크, 토너 등",1
식품>디저트>구움과자,1
생활용품/ 의류 속옷 양말,1
식자재>상온/냉식(카페물류),1
"Fitting,Joint(STS, SUS)",1
aaa,1
식품/가공식품>식사대용>단백질쉐이크,1
유아동잡화,1
카드게임,1
메디폼,1
리빙용품,1
자수용품,1
식품>축산물，식품>냉동/간편조리식품,1
강아지 하네스,1
목베개,1
의류>짐웨어,1
"식품>냉장,냉동,상온",1
패션잡화>북커버,1
전자 악세서리,1
자동차용품>엔진오일/거치대,1
소품/운동용품/매트외,1
시계 악세서리 (보관함),1
스포츠/레져>캠핑>침낭,1
의류>남성 여성 잡화,1
"매번 다양함, 고블릿잔, 트레이, 달력",1
생활건강>욕실용품>샤워가운,1
담배>전자담배,1
생활용품->텀블러 우산 등,1
택배,1
"화장품, 과자 등",1
식품>소스,1
화장품>스킨>로션,1
남자의류남자옷,1
화장품/미용>스킨케어>농산물 가루팩 키트,1
샤워기필터,1
잡화-가방,1
닭가슴살,1
냉장 삼겹살,1
식료품>가공식품>과채주스,1
의류>상의>패딩자켓,1
휴지통,1
식품>조미료,1
전자기기및 식품,1
전자젭굼,1
화장품>클렌저,1
학습지,1
패션의류잡화>여성패션>여성의류,1
칼갈이,1
책/과자,1
이디야,1
의류/옷이나 가방,1
자전거부품,1
스포츠잡화,1
로봇팔 세면대수도꼭지,1
화장품/미용>클렌저,1
스캐너,1
휴대폰잡화,1
생활/건강>눈건강용품>렌즈세척기,1
사무용품 > 필기구,1
생활/건강>주방용품>도마,1
핸드폰악세서리(그립톡) / 머그컵,1
가구>선반,1
"CD,DVD",1
실리콘 방역물품,1
식품>커피/차>캡슐커피,1
식품>음료>차류(티백류),1
주방용품>식기,1
생활주방>주방용품,1
음식>간이음식,1
오토바이 헬멧,1
"수영복,악세사리",1
생활/건강반려동물강아지 건강/관리용품영양제,1
식품>음료>생수,1
문구 및 사진,1
패션의류>여성의류>코트,1
생활>수집품>게임>보드게임,1
생활/건강>주방용품>고무장갑,1
가전디지털  >휴대폰 액세서리  >휴대폰 케이스,1
생활용품>잡화,1
다과/인형,1
생활/건강>수납용품>정리함,1
화장품/헤어토닉,1
진동운동기,1
"건강기능식품 ,일반식품",1
와인용품,1
신발 패션/잡화,1
의류>남자셔츠>기본셔츠,1
위생용품>생리대/팬티라이너,1
관상어용품>수질관리,1
패션잡화 > 헤어액세서리  > 헤어핀,1
화장품 스킨케어 로션,1
의류>요가복,1
"설탕, 물엿",1
은장식품 (목걸이 및 팔찌),1
냉동식품 > 육가공품 > 닭안심스테이크,1
베개류,1
컴퓨터 및 의류,1
매트,1
수납용품,1
"음식,디저트",1
목욕용품,1
(상온)식품,1
의류>잠옷,1
건강식품>타정(용기),1
화장품-스킨케어-크림,1
비료,1
화장품/미용>헤어케어,1
생활건강>주방용품>식기,1
즉석조리식품,1
화장품>핸드워시/립마스크 등,1
동물용의약외품,1
문구/사무용품 > 노트/수첩 > 메모지,1
화장품 트리트먼트,1
유아용품>유모차,1
"디퓨저, 이불",1
적외선 카메라,1
주방용품>잔컵/유리컵,1
가전 디지털,1
먼지차단마스크>덴탈마스크,1
의류>상의>후드티셔츠   의류>상의>맨투맨   의류>상의>가디건  의류>하의>팬츠,1
패션의류/여성,1
고등학교 책상,1
"가구/마린테이블,데크등",1
화이트보드,1
"커블체어(간이의자), 멀티탭",1
스마트밴드,1
잡화서적 > 굿즈,1
LED 작업등,1
식품>가공식품>즉석조리식품,1
애완용품>고양이용품,1
식품>식자재,1
식품>가공식품>가공안주간식,1
패션잡화>벨트,1
여성잡화>여성구두,1
"초콜릿, 액상차, 과자",1
생활/건강>생활용품>화장지>화장지케이스,1
주방/생활용품>실리콘얼음틀,1
냉동육/ 양념LA갈비,1
"생활/건강>문구/사무용품>용지>라벨지, 디지털/가전>주변기기>스캐너>바코드스캐너, 디지털/가전>주변기기>프린터>라벨프린터",1
"홈데코레이션, 생활용품",1
예 : 화장품/미용>스킨케어>로션,1
화장품/미용>스킨케어>마스크시트,1
컴퓨터 악세사리>노트북/키보드 받침대,1
가방>골프보스턴백,1
생활/건강>발건강용품>발각질제거기,1
운동소품,1
문구 완구류15,1
"홈데코, 인테리어",1
사무용의자,1
diy용품,1
홈인테리어  >홈데코  >홈데코 소품  >벽/천장장식  >마크라메,1
오리발,1
패션잡화->헤어악세서리->헤어핀,1
커피원두,1
생활건강>주방용품,1
잡화>장갑,1
화장품/미용>남성화장품>남성청결제,1
휴대폰액세서리>휴대폰충전기,1
의류>우비,1
액션카메라,1
"화장품, 스킨케어",1
가구/인테리어/침구,1
"홀더, 원두, 분말류, 봉투",1
"텀블러, 문구",1
낚시용품,1
음향기기>블루투스이어폰,1
식품>케이크,1
디지털기기,1
식품>음료>발효음료,1
대학 원서,1
식품/농수축산물,1
"화장품, 손소독제",1
천연비누/ 화장품,1
식품>음료>차류,1
문구류>데스크상품>연필꽂이,1
생활/건강>건강측정용품>체온계,1
기타전기용품,1
디자인문구>북커버,1
생활가전>,1
"의류/용품>수영복, 워터 악세사리",1
문구>복사용지,1
생활/건강구강위생용품혀클리너,1
애견용품 >패션,1
화장품/미용>바디기타,1
분말소스,1
컴퓨터 주변기기>키보드/마우스>마우스,1
건강>공구,1
화장품/잡화/펫,1
식품/완구/동물용품/,1
생활/건강>생활용품>세제/세정제>세탁보조제,1
손소독제,1
도서(책),1
"주방용품>칵테일도구>글라스,스퀴져,머들러 등 패키지박스",1
핸드폰 악세사리,1
화장품류,1
육아/출산용품,1
"냉동,냉장/간편조리식품>기타냉동/도시락",1
디지털가전>태블릿PC악세서리,1
컴퓨터및 주변기기,1
식품>낫또,1
종이문구,1
유선 마우스,1
애완용 이동장,1
카페,1
화장품/미용>비누,1
클레이>폴리머 클레이,1
생활/건강>관상어용품,1
건강식품 화장품,1
스마트폰 배터리,1
출산/육아>완구/매트>공간놀이기구>다기능놀이터,1
스포츠/레저>캠핑용품,1
스포츠용품>악세서리,1
생활용품>의약외품>보건용마스크,1
애견의류,1
악기/기타,1
화장품>미용>스킨케어>로션,1
패션잡화>안경테,1
패션/잡화>의류,1
알짜매물 > 토지임야 > 기타부동산 > 매매/전답 > 기타/전북,1
생활가전>돌봄로봇,1
기초화장품,1
휴대폰/케이스,1
차량용품>엔진오일 첨가제,1
레저*캠핑용품>화로대,1
가스버너,1
주방용품/헤어케어,1
반려동물>,1
생활>칫솔,1
생활건강>반려용품,1
신선식품>냉동 돼지고기,1
캡슐세제,1
식품>유가공품>우유,1
마스크/마스크팩,1
반려동물/반려동물 용품,1
"애완용품,캠핑용품",1
프리미엄 치약,1
"생활용품,주방용품,소형가전",1
아트포스터 및 아트제작물,1
"의류, 팬시등 소품",1
생활/건강>반려동물>강아지 사료>건식사료,1
냉동식품>돈까스,1
폐기물,1
기타>액자,1
"롤온향수, 멀티스프레이",1
주방용품>와인용품,1
의류/악세사리,1
"의류 > 티셔츠, 스웨트셔츠, 후드 등",1
디지털가전>차량용청소기,1
전자제품>키보드,1
식품>간식>시리얼,1
화장품/미용>바디케어>여성청결제,1
전자기기 디지털,1
"바디워시타올,애견용품",1
포스터,1
레인지후드,1
멸치,1
가공식품>냉동식품,1
휴대폰액정보호필름,1
의류/화장품,1
생활/건강>수납/정리용품>정리함,1
가구/인테리어>인테리어소품>기타장식용품,1
보청기,1
도서>여행,1
생활/건강>자동차용품>세차용품>차량용커버,1
생활/건강>생활용품>제습/방향/탈취>실내탈취제,1
골프클럽,1
냉동 닭가슴살,1
"종합(반려동물,차용품,인테리어소품 외)",1
"뷰티, 패션, 건강, 식품, 생활",1
보조배터리,1
화장품>향수 / 패션잡화>가죽케이스,1
완구/잡화,1
생활/건강>자동차용품>DIY용품>도색용품,1
"냉동과일,건강기늠식품",1
가공식품>유제품/아이스크림>요구르트,1
스포츠 의료용품,1
생활잡화>조류용품,1
놀이교구,1
디지털/가전>PC액세서리,1
화장품/미용>스킨>로션,1
생활/건강문구/사무용품다이어리/플래너캘린더/달력,1
화장품>바디케어>워시로션,1
냉장,1
"전자담배, 액상",1
화장품/미용>스킨케어>클렌징바(비누),1
과학기기 및 측정기,1
"마카롱,쿠키",1
생필품>,1
생활/건강>청소용품>휴지통>다용도휴지통,1
여성복>티셔츠,1
용품  식품,1
냉장육,1
패션잡화>남성신발>슬리퍼,1
가공식품>면류>국수류>소면>중면,1
"화장품/미용>클렌징>비누,샴푸바",1
일반식품>홍삼스틱,1
자동차 바이크 용품,1
앨범 굿즈,1
인테리어제품,1
홈데코 / 선물용품,1
식품>숙취해소제,1
모니터거치대,1
화화장품/미용 >스킨케어>미스트,1
마사지기,1
과학기구,1
공기질 측정기,1
ㅁ,1
식품>차>분말차,1
복용약,1
타블렛PC>그래픽타블렛,1
냉동식품>밀키트>떡볶이,1
과일상자 > 배,1
"식품,다이어트식품,가공식품",1
계절가전/생활용품,1
차(茶),1
문구세트,1
신생아의류,1
장닌감,1
패션잡화>시계>패션시계,1
건약초,1
"가구/인테리어>홈테코, 스포츠/레저>홈트레이닝",1
가구>홈인테리어>소품,1
가구/인테리어>DIY자재/용품>목재,1
화자품,1
"도서, 기독교용품(십자가, 액자 등)",1
패션잡화/패션소품,1
생활>애견용품,1
생활/건강>구강위생용품>칫솔,1
스포츠레저>스포츠악세사리>스포츠선글라스,1
패션의류>스포츠의류,1
생활/건강공구수작업공구기타수작업공구,1
스포츠/레져>캠핑>취사용품,1
육가공품>햄소시지,1
식품>다류,1
식품 의류,1
문제카드,1
현재 아이템기획중입니다.,1
머신비전,1
디지털/가전>음향가전>이어폰/헤드폰액세서리>케이스/파우치,1
반려용품>애견용>하네스,1
패션의류/잡화/등,1
선물용품,1
컴퓨터부품>그래픽카드,1
식품>건강식품>꿀,1
식품>냉동식품>도시락,1
나무케이스,1
디퓨저,1
생활건강 > 자동차용품 > 익스테리어용품 > 스티커,1
"매거진, 포토북, 기타굿즈",1
잠옷,1
알루미늄배달통,1
랜덤,1
애완동물 용품,1
식품>다이어트식품,1
"잡화>파우치,의류 패키지",1
의류>여성복,1
생활/건강 >반려동물>기타반려용품,1
파티용품>소품,1
"식품>빵,단백질쉐이크",1
생활/건강}수집품}모형/프라모델/피규어}피규어,1
치과 기기 샘플,1
테슷,1
"엽서, 아크릴, 책, 기타",1
생활가전 주방가전,1
강아지옷,1
화장품/미용>스킨케어>토너&로션&폼클렌징,1
파티용품,1
패션의류>여성의류/남성의류,1
"문구류, 액세서리",1
CAR MOUNT,1
식품>가공식품>전통차,1
생활용품 소독제,1
의류>블라우스,1
"의류, 기타 잡화",1
"화장품/미용, 식품",1
생활/건강>수납/정리용품>정리함>신발정리대,1
패션소품,1
총기부품,1
애견방석,1
3단봉,1
패션의류>여성의류>티셔츠,1
생활용품>욕실화,1
의류 자수,1
전자기기>가전,1
화당품,1
식품>가공식품>스프,1
일상용품>샴푸,1
양주,1
패션/의류>여성의류>트레이닝복,1
문진,1
xptmxm,1
생활용품>에그트레이,1
새우젓,1
누롱지,1
가공식품>오란다강정,1
건조 컵나물,1
식품/스틱포,1
화장품/미용.마스크팩,1
의류 및 생활용품,1
"신발,의류,잡화",1
"방향제,화장품>룸스프레이,디퓨저",1
쿠션,1
미용/바디케어/풋크림,1
"원예,생화",1
도서류,1
테이크아웃 종이컵,1
잡화/도서,1
여성의류>캐쥬얼,1
주방가전>전기그릴,1
화장품>색조,1
전자제품/청소기/무선청소기,1
신분증,1
라면 면도기,1
레저/스포츠>캠핑용품,1
컴퓨터 본체 및 모니터,1
생활 건강,1
"화장품/미용>비누,면도비누,에프터쉐이브",1
생필품> 여성용품,1
화장품>메니큐어,1
"브로치, 스티커",1
스포츠/레저>축구>축구양말,1
주방기구,1
제과제빵,1
"화장품/미용>스킨케어>세럼미스트,앰플,로션,파우치 등",1
디지털/가전>이미용가전>손발톱정리기,1
패션잡화>패션소품>우산,1
음향가전>블루투스마이크,1
식품포장용기,1
옷가방,1
생활/건강욕실용품샤워/목욕용품샤워가운,1
폰케이스/아크릴 스탠드,1
패션의류잡화>여성패션,1
생활>인테리어소품,1
메탈카드,1
박스,1
생활용품/절수기,1
강아지간식,1
생활/건강문구/사무용품이벤트/파티용품,1
도서/의류,1
문구>팬시>스티커,1
수첩,1
바디워시,1
구리,1
디지털/가전>생활가전>디지털 도어락,1
"지갑, 의류, 악세사리, 디지털",1
"캔들, 디퓨저",1
홈스타일링,1
"생활/건강>주방용품>잔/컵>머그,  출산/육아>물티슈>캡형",1
출산/육아>완구/매트>놀이방매트,1
파우더,1
반찬(음식),1
"식품>가공식품>잼, 스넥, 향신료 등",1
CD>앨범,1
화장품/미용>스킨케어>팩,1
홈데코>캔들,1
애니메이션 굿즈,1
디지털/가전>주방가전>커피머신>커피머신부속품,1
"의류>잠옷, 헤어악세사리",1
인테리어/오피스용품>데스크트레이,1
배게,1
곰인형,1
초콜릿,1
피자 밀키트,1
소동물용품,1
화장품>스킨케어>기능성화장품,1
육아용품 > 유아 의류,1
출산/육아위생/건강용품제균스프레이,1
구름빵,1
스포츠/레저>골프>골프의류,1
홍삼즙,1
식품>건강기능보조식품,1
반려동물 배변패드,1
전자제품>차량용>애프터블로우,1
컴퓨터 마더보드,1
주류 및 기타,1
식빵류,1
건강 식품 > 비타민,1
"의류>양복,구두",1
생활/건강>자동차용품>공기청정용품>에어컨필터,1
반려동물식품,1
50000809,1
"생활용품 집게, 바디브러쉬",1
디지털/가전>노트북액세서리>노트북받침대/쿨러,1
스포츠/스포츠용부품,1
생활용품>청소용품>유리창청소기,1
"식품(명란젓,간장게장)",1
"의류,잡화",1
"생활,데코,전자제품",1
"컵,접시,티슈커버,거울",1
노트북 스탠드,1
건강기능식품>프로폴리스>,1
패션 의류 잡화,1
냉동가공식품,1
수분 크림,1
패션잡화>여행용가방소품,1
"즉석카메라, 필름",1
"신발 깔창, 스포츠테이프",1
화장품/미요>스킨케어,1
네스프레소 커피 캡슐,1
생활용품>세탁세제>종이세제,1
도서>토익,1
의류 화장품/미용,1
제과>쿠키,1
"의류 > 티셔츠. 문구 > 키링, 유리컵, 목욕용품>비치타월",1
자건거용품,1
생활/건강>욕실용품>샤워기/수전용품>수도/수전용품,1
"냉장 소스류, 냉동 돈까스, 상온 봉투, 상온 홀더",1
"뷰티디바이스,화장품",1
장난감>피규어>디오라마,1
음식>떡,1
"의류, 인테리어 소품, 화장품, 식품",1
소형 전자 제품,1
식품->건강식품->건강분말,1
패션>의류/잡화,1
화장품/식품,1
화장품 > 남녀공용 향수,1
화장품/미용>향수>여성 향수,1
생활/건강>주방용품>주방수납용품,1
식품/냉동 간편조리식품/가공식품/과자/음료,1
위탁판매,1
발열측정기,1
여성,1
종이포스터,1
스킨을 삽니다.,1
패션>남성반바지,1
"문구>다이어리, 노트패드",1
잡동산이,1
"식품, 화장품, 소형가전, 패션",1
식빵월드,1
애니메니션>장난감,1
화장품/스킨케어,1
유아용품>유아세제>세탁세제,1
식품>조미김,1
꽃다발,1
지포라이터,1
생활화학품>방향제(디퓨저),1
잡화>굿즈>응원봉,1
생활건강>공구>안전용품,1
스포츠용품>클라이밍 초크,1
팬티라이너,1
애완용품 / 장난감 등 다양함,1
식품>과자>젤리,1
패션의류>남성의류>한복,1
"의류,악세사리",1
자동차,1
잉크,1
게임부품/게임>vive>vive Tracker,1
간이책상,1
"원두,봉투,홀더",1
건강기능식품 비타민 영양제,1
생활/건강>주방용품>주방잡화>수세미,1
화장품/미용>바디>바디워시,1
스마트워치액세서리,1
중고,1
식품>0건강식품>영양제>기타건강보조식품,1
캠핑소모품,1
건강관리용품>보호대류,1
원두커피,1
"사진, 문구류",1
스포츠>수영용품>수영모자,1
식품 및 주방용품,1
"화장품,간단식품(상온)",1
가루및분말,1
라이트박스,1
발각질제거,1
가전>주방가전>에어프라이어,1
"축산>돼지, 소고기",1
출산/육아>완구/매트>언어/학습완구>낱말카드/학습카드,1
휴대폰케이스/보호필름,1
생활->마스크,1
캘렌더,1
생활건강>욕실용품>칫솔통,1
식품>음료>차류>홍차,1
식품>축산물>쇠고기>수입산쇠고기,1
레저>캠핑>기타용품,1
생활용품>식품포장용기,1
휴대폰 악세서리,1
취미/키덜트>인형,1
"제티,인형,립틴트,젓가락",1
가구/인테리어서재/사무용가구의자의자발받침대,1
디지털/가전>주변기기>키보드,1
건강식품>스쿠알렌,1
화장품/미용>스킨케어>폼클렌징,1
"인테리어잡화,여행용품",1
"식품>음료,커피,아이스크림,티백",1
물안경,1
수납/정리용품>정리함>신발정리대,1
의류>속옷>여성속옷,1
디지털/가전>게임기/타이틀>게임기주변기기,1
가정용품/물티슈,1
건강식품/화장품,1
음향기기 > 오디오,1
가방 파우치 모자 장갑,1
패션잡화>양말>남성양말,1
인테리어(08) > 실내인테리어(03) > 수납/정리(04) > 기타수납및정리용품(99),1
패션잡화>기타패션잡화,1
패션>의류>상의,1
세면타올,1
생활/건강반려동물,1
애완동물용품>강아지사료>냉장사료,1
"서적,농산물",1
디지털/가전>생활가전>자외선소독기,1
생활용품>마스크>보조기구,1
화장품/미용/펫케어,1
생활/건강>의료용품>구급/응급용품,1
식품>축산,1
과자.라면류,1
핸드크림,1
식품 첨가물(커리 페이스트),1
디지털/가전태블릿PC액세서리,1
화장품/미용>물티슈,1
화장훔,1
미용>스킨케어>세럼,1
마사지젤,1
생활/건강-찜질팩,1
출산육아>목욕용품>욕조,1
생활용품(목재화분받침대),1
침출차,1
"반려동물 단미사료>영양제, 영양간식",1
화장품/미용>선케어>선크림,1
푸드,1
HMR 도시락,1
식품>가공식품>디저트,1
"건강식품,화장품,생필품",1
생활용품>옷걸이/방석,1
ㅣ,1
이사용 박스,1
약과,1
식품>농산물>기타채소,1
화장품정리함,1
이불,1
마술용품 세트,1
핼스>요가>폼롤러,1
신발 깔창,1
CD/LP > LP,1
식품>과자>스낵,1
의료/건강,1
농산물>냉동딸기,1
"바디워시타올,생활용품",1
사무용품 > 사원증 케이스,1
카메라 부품,1
스포츠/레저자전거자전거용품자물쇠,1
식품조리기계 부품,1
"의류, 화장품, 건강식품(ex.홍삼정)",1
전자담배 액상 및 기기,1
장난감/피규어,1
스포츠/레저>골프>골프필드용품,1
냉동/냉장 식자재,1
화장품 / 건강식품,1
디지털/가전>주변기기>태블릿/액세서리>액세서리,1
스포츠/레저 > 캠핑 > 랜턴 > 손전등,1
향수및 화장품,1
교재>어학교재,1
식품>차류,1
제도용품,1
식품>음료>커피>커피믹스/인스턴트커피,1
"쿠키,원두",1
휴대폰액세서리 > 웨어러블 디바이스 액세서리,1
화장품/미용>샴푸바,1
카페/디저트>마카롱,1
토마토,1
"강아지 사료(건식, 습식, 간식)",1
전자제품 > 전구,1
생활/건강>반려동물>패션용품,1
생활 잡화,1
스포츠용품>수영복,1
기타잡화류,1
"문구, 호신용품",1
잡화>쥬얼리>귀걸이>목걸이>반지>헤어,1
생활건강>건강관리용품>공산품 마스크,1
네비게이션,1
빵>생지>크로아상생지,1
위생용품>생리컵,1
음반 및 의류,1
사과주스,1
생활건강>도시락찬합,1
인턴,1
스포츠레저>물놀이용품,1
"식품, 냉동식품, 캔 제품 등",1
음식>과자>한과세트,1
문구및 완구류,1
생활용품>코클리너,1
신발>샌달>슬리퍼,1
생활용품/완구,1
애기용품,1
식품>분말가루,1
자동차부품>화물차>후미등,1
라벨프린터,1
디지털/가전>계절가전>온수매트,1
식품>꿀>일반꿀,1
생활/건강문구>사무용품>문구용품,1
생활/건강>건강측정기기>체온계,1
건강>저주파마사지기,1
주류(전통주류 상온보관박스),1
자전거 페달,1
식품>간편식>소스류,1
화장품>바디케어,1
도서 정수기,1
의류/남성의류,1
라돈 검출기,1
일반의약품,1
의류>외투,1
볼링공,1
스포츠/레져,1
크림50ml,1
반려동물용품>디퓨져/스프레이,1
사진인화물,1
청소용품>쓰레기통,1
생활건강>반려동물>리빙용품>쿠션/방석,1
"인형류, 문구류, 기타(산호초)",1
스포츠기구,1
닭백숙,1
일회용식기,1
어린이용품,1
스포츠>캠핑,1
"책, 장구",1
연료첨가제,1
식품>건강식품>영양제 등,1
식품>음료>우유/요구르트>우유,1
포장용품,1
조명기기,1
출산/유아>유아동잡화>신발,1
커피/차,1
장난감>완구>종이집만들기,1
디지털/가전>음향가전,1
여가/생활편의,1
리빙/생활>아이스트레이,1
LED스탠드,1
스마트워치악세사리/시계줄,1
출산/유아>스킨케어>바디워시,1
화장품/미용헤어케어트리트먼트,1
식품->쌈장,1
"커텐,블라인드,수예",1
의류>맨투맨,1
식품>연어,1
아이폰 보조배터리,1
생활/건강>수집품>퍼즐/블록,1
신선식품>냉동식품>수산물가공품,1
생활/건강?반려동물>간식,1
"공기청정기,로잉머신",1
휴대폰액세서리,1
스포츠>요가용품,1
패션>의류>남성스포츠의류,1
식품>건강식품>홍삼제품,1
의류>캐쥬얼,1
랜선,1
기타미술,1
숙취해소제,1
의료품>코로나키트,1
화장품/미용>헤어>바스앤샴푸,1
의류/ 남자 언더웨어/팬티,1
식품>음료>두유,1
4aefadfa21v4aerfasdfca4aefadfa21v4aerfasdfca4aefadfa21v4aerfasdfca4aefadfa21v4aerfasdfca4aefadfa21v4,1
"식품>음료>차,커피",1
생활/건강/가전/이미용,1
차량용품->안전벨트 클립,1
건담,1
컨설팅서비스,1
스포츠/레저자전거자전거용품펌프,1
게임용품,1
식품>수산물>장어,1
식품>수산>생선(냉동),1
시계보관함,1
에어팟,1
가구/인테리어>인테리어소품>워터볼,1
베이커리 > 식빵,1
나,1
"의류, 악세서리",1
생활/건강주방용품잔/컵텀블러,1
"생활용품, 가전제품",1
"식품>냉장, 냉동",1
티포트,1
식품>냉동식품>가공식품,1
두유,1
"생활가전,계절가전",1
디지털/가전>태블릿PC액세서리>스탠드/DOCK,1
헬스케어>개인용측정기기,1
"인형, 잡화, 가방",1
생활/건강>자동차용품>주차번호판,1
인테리어소품>인센스,1
